student_id,department,semester,attendance,cgpa,assignment_marks,quiz_marks,mid_marks,final_marks,dropout_risk,result
ST0001,Information Technology,2,65,2.96,13,6,29,68,Low,Fail
ST0002,Data Science,4,65,2.38,13,5,31,67,Medium,Fail
ST0003,Artificial Intelligence,4,65,2.98,12,8,35,53,Low,Fail
ST0004,Data Science,1,97,3.28,18,10,44,100,Low,Pass
ST0005,Software Engineering,1,77,2.37,14,7,31,67,Low,Fail
ST0006,Artificial Intelligence,3,42,2.18,6,5,24,34,High,Fail
ST0007,Artificial Intelligence,7,73,2.92,11,6,32,50,Medium,Fail
ST0008,Data Science,6,60,2.04,8,4,20,27,Medium,Fail
ST0009,Data Science,8,91,3.93,20,10,45,81,Low,Pass
ST0010,Information Technology,7,60,1.86,9,3,23,43,High,Fail
ST0011,Software Engineering,2,72,3.19,12,8,27,69,Low,Fail
ST0012,Computer Science,1,78,2.83,16,8,39,61,Medium,Pass
ST0013,Computer Science,8,82,2.97,15,5,34,58,Low,Pass
ST0014,Artificial Intelligence,3,63,1.71,7,2,30,29,Medium,Fail
ST0015,Artificial Intelligence,6,57,2.25,5,4,27,20,Medium,Fail
ST0016,Software Engineering,3,92,3.9,16,8,47,77,Low,Pass
ST0017,Artificial Intelligence,7,82,2.45,16,6,31,67,Medium,Fail
ST0018,Information Technology,4,81,2.7,13,6,27,55,Low,Pass
ST0019,Computer Science,6,87,3.77,16,8,41,76,Low,Pass
ST0020,Software Engineering,7,73,2.9,13,6,40,52,Medium,Fail
ST0021,Computer Science,2,98,3.48,19,9,40,96,Low,Pass
ST0022,Data Science,3,75,3.01,11,6,31,51,Medium,Pass
ST0023,Information Technology,1,99,3.4,16,9,48,78,Low,Pass
ST0024,Data Science,4,42,2.23,8,3,26,35,High,Fail
ST0025,Software Engineering,8,45,1.8,11,4,27,29,High,Fail
ST0026,Computer Science,6,91,3.97,20,10,48,76,Low,Pass
ST0027,Software Engineering,2,100,3.6,20,8,40,91,Low,Pass
ST0028,Information Technology,4,87,3.74,17,9,41,93,Low,Pass
ST0029,Artificial Intelligence,4,84,2.37,15,7,31,66,Medium,Fail
ST0030,Information Technology,2,74,2.71,11,5,39,64,Low,Fail
ST0031,Software Engineering,5,93,3.31,18,8,43,86,Low,Pass
ST0032,Computer Science,5,82,2.93,10,7,28,73,Low,Pass
ST0033,Artificial Intelligence,4,63,1.94,9,4,29,26,High,Fail
ST0034,Computer Science,1,73,3.11,10,5,38,71,Medium,Fail
ST0035,Computer Science,1,69,2.87,14,6,39,62,Medium,Fail
ST0036,Software Engineering,7,89,3.64,18,10,48,79,Low,Pass
ST0037,Computer Science,4,96,3.92,16,9,43,96,Low,Pass
ST0038,Data Science,3,82,3.09,16,6,32,72,Low,Pass
ST0039,Computer Science,3,95,3.83,19,10,43,83,Low,Pass
ST0040,Software Engineering,4,66,3.06,13,6,39,56,Medium,Fail
ST0041,Information Technology,7,91,3.52,18,8,44,86,Low,Pass
ST0042,Artificial Intelligence,7,65,2.4,14,6,33,46,Low,Fail
ST0043,Computer Science,7,75,2.69,11,8,31,53,Low,Pass
ST0044,Computer Science,6,82,2.91,13,7,38,47,Medium,Pass
ST0045,Software Engineering,3,74,2.75,16,7,37,67,Medium,Fail
ST0046,Artificial Intelligence,5,77,2.9,12,7,37,62,Low,Pass
ST0047,Software Engineering,8,95,3.57,19,10,43,91,Low,Pass
ST0048,Software Engineering,4,74,2.76,15,5,32,66,Medium,Fail
ST0049,Information Technology,7,86,3.4,19,10,41,89,Low,Pass
ST0050,Computer Science,1,97,3.6,17,8,50,97,Low,Pass
ST0051,Software Engineering,8,47,1.64,12,2,28,27,Medium,Fail
ST0052,Software Engineering,8,61,1.92,10,5,29,43,High,Fail
ST0053,Data Science,5,80,2.7,13,7,40,65,Low,Pass
ST0054,Software Engineering,3,94,3.39,18,9,48,77,Low,Pass
ST0055,Data Science,8,89,3.77,16,9,46,85,Low,Pass
ST0056,Data Science,7,98,3.51,20,10,40,99,Low,Pass
ST0057,Data Science,4,96,3.44,19,9,48,98,Low,Pass
ST0058,Software Engineering,7,98,3.59,19,9,50,96,Low,Pass
ST0059,Data Science,2,44,2.27,5,5,29,38,Medium,Fail
ST0060,Artificial Intelligence,8,99,3.35,18,9,45,81,Low,Pass
ST0061,Artificial Intelligence,1,77,2.55,16,7,27,60,Low,Pass
ST0062,Information Technology,1,87,3.82,16,8,43,81,Low,Pass
ST0063,Artificial Intelligence,5,89,3.58,16,10,43,89,Low,Pass
ST0064,Artificial Intelligence,1,88,3.82,17,9,41,93,Low,Pass
ST0065,Information Technology,2,77,2.65,13,5,32,48,Medium,Pass
ST0066,Data Science,1,51,1.92,10,2,28,40,High,Fail
ST0067,Information Technology,5,43,1.84,10,5,22,33,Medium,Fail
ST0068,Computer Science,4,57,2.11,12,5,29,28,High,Fail
ST0069,Artificial Intelligence,7,99,3.4,19,10,49,96,Low,Pass
ST0070,Information Technology,5,95,3.35,17,9,44,85,Low,Pass
ST0071,Information Technology,8,73,2.79,13,5,32,68,Medium,Fail
ST0072,Data Science,4,62,1.88,12,5,20,22,High,Fail
ST0073,Data Science,6,74,2.89,15,8,36,58,Medium,Fail
ST0074,Software Engineering,3,93,3.38,17,9,41,98,Low,Pass
ST0075,Software Engineering,2,100,3.42,20,10,49,84,Low,Pass
ST0076,Computer Science,5,96,3.34,16,10,48,79,Low,Pass
ST0077,Data Science,8,57,1.73,7,5,21,20,High,Fail
ST0078,Data Science,7,70,3.16,14,8,28,71,Low,Fail
ST0079,Information Technology,2,86,3.32,20,9,41,82,Low,Pass
ST0080,Artificial Intelligence,7,59,1.97,8,5,27,34,High,Fail
ST0081,Software Engineering,3,66,2.84,11,6,31,53,Low,Fail
ST0082,Computer Science,5,87,3.33,19,9,49,90,Low,Pass
ST0083,Information Technology,5,94,3.76,19,8,50,82,Low,Pass
ST0084,Computer Science,2,71,2.68,13,6,33,71,Low,Fail
ST0085,Artificial Intelligence,8,94,3.68,20,9,47,78,Low,Pass
ST0086,Artificial Intelligence,7,73,2.75,17,8,27,64,Low,Fail
ST0087,Information Technology,8,65,2.38,10,7,26,69,Low,Fail
ST0088,Artificial Intelligence,7,73,2.46,16,8,27,60,Medium,Fail
ST0089,Data Science,1,68,3.06,15,8,40,54,Medium,Fail
ST0090,Data Science,8,93,3.46,19,10,40,96,Low,Pass
ST0091,Software Engineering,1,96,3.7,19,10,47,99,Low,Pass
ST0092,Information Technology,1,89,3.94,19,10,47,78,Low,Pass
ST0093,Computer Science,8,62,1.63,5,5,21,27,Medium,Fail
ST0094,Software Engineering,8,69,2.74,14,7,38,71,Medium,Fail
ST0095,Information Technology,6,69,2.64,12,5,33,69,Medium,Fail
ST0096,Software Engineering,8,85,3.43,18,10,49,96,Low,Pass
ST0097,Information Technology,4,80,2.61,16,8,35,72,Low,Pass
ST0098,Computer Science,8,78,2.34,17,8,37,66,Low,Fail
ST0099,Software Engineering,1,95,3.9,19,8,48,89,Low,Pass
ST0100,Information Technology,6,69,2.37,14,7,37,65,Low,Fail
ST0101,Computer Science,4,75,2.86,17,5,27,52,Medium,Pass
ST0102,Computer Science,1,68,2.98,11,8,30,67,Medium,Fail
ST0103,Software Engineering,3,66,2.56,15,8,29,52,Medium,Fail
ST0104,Data Science,4,97,3.7,17,9,49,79,Low,Pass
ST0105,Data Science,2,79,2.53,10,8,34,66,Low,Pass
ST0106,Data Science,7,58,1.74,11,4,27,29,Medium,Fail
ST0107,Artificial Intelligence,7,97,3.66,20,9,44,75,Low,Pass
ST0108,Software Engineering,6,86,3.93,19,9,43,94,Low,Pass
ST0109,Information Technology,1,84,2.52,12,5,26,54,Medium,Pass
ST0110,Information Technology,3,69,2.38,14,7,38,50,Low,Fail
ST0111,Computer Science,6,51,1.92,9,3,24,35,High,Fail
ST0112,Artificial Intelligence,1,67,2.43,13,8,36,47,Medium,Fail
ST0113,Computer Science,8,79,2.63,14,8,36,48,Low,Pass
ST0114,Computer Science,7,82,2.59,13,5,39,74,Medium,Pass
ST0115,Data Science,3,86,3.44,19,8,41,82,Low,Pass
ST0116,Artificial Intelligence,7,82,2.67,12,8,28,71,Medium,Pass
ST0117,Information Technology,6,96,3.37,19,8,45,78,Low,Pass
ST0118,Software Engineering,2,60,1.78,11,4,23,23,High,Fail
ST0119,Information Technology,2,84,3.16,10,7,32,49,Low,Pass
ST0120,Artificial Intelligence,1,91,3.85,17,9,42,100,Low,Pass
ST0121,Computer Science,3,44,2.28,9,3,21,41,Medium,Fail
ST0122,Information Technology,7,72,2.82,10,6,33,46,Low,Fail
ST0123,Information Technology,8,87,3.58,18,10,49,78,Low,Pass
ST0124,Computer Science,1,86,3.78,20,9,47,95,Low,Pass
ST0125,Information Technology,6,52,1.84,6,5,27,22,Medium,Fail
ST0126,Data Science,5,89,3.42,20,10,45,87,Low,Pass
ST0127,Artificial Intelligence,7,78,2.39,11,6,38,59,Low,Fail
ST0128,Software Engineering,6,52,1.83,6,4,26,30,High,Fail
ST0129,Information Technology,3,80,2.36,11,5,38,48,Medium,Fail
ST0130,Computer Science,7,95,3.74,19,9,50,99,Low,Pass
ST0131,Computer Science,4,59,1.75,6,3,22,41,High,Fail
ST0132,Computer Science,5,82,2.63,14,6,38,72,Low,Pass
ST0133,Computer Science,7,94,3.94,18,8,42,79,Low,Pass
ST0134,Artificial Intelligence,8,85,3.27,20,8,46,88,Low,Pass
ST0135,Software Engineering,3,94,3.78,20,10,41,76,Low,Pass
ST0136,Data Science,8,41,2.03,9,5,30,33,High,Fail
ST0137,Information Technology,8,88,3.48,16,9,50,96,Low,Pass
ST0138,Artificial Intelligence,3,66,2.5,10,5,31,54,Low,Fail
ST0139,Information Technology,4,88,3.21,19,8,42,87,Low,Pass
ST0140,Information Technology,6,76,2.36,10,8,25,59,Low,Fail
ST0141,Software Engineering,6,77,2.93,16,7,28,57,Low,Pass
ST0142,Information Technology,7,59,1.86,10,2,26,23,Medium,Fail
ST0143,Information Technology,2,67,2.65,14,7,32,55,Low,Fail
ST0144,Artificial Intelligence,3,81,2.75,15,7,29,52,Low,Pass
ST0145,Information Technology,8,89,3.81,16,8,50,90,Low,Pass
ST0146,Data Science,8,54,2.04,10,4,22,34,Medium,Fail
ST0147,Computer Science,1,73,2.83,15,5,34,59,Medium,Fail
ST0148,Information Technology,8,74,2.37,11,8,39,63,Low,Fail
ST0149,Information Technology,2,75,2.84,12,5,39,48,Medium,Pass
ST0150,Data Science,5,66,2.52,17,8,30,56,Medium,Fail
ST0151,Artificial Intelligence,7,75,2.9,10,7,27,55,Low,Pass
ST0152,Data Science,5,89,3.47,20,10,42,86,Low,Pass
ST0153,Data Science,2,87,3.45,19,10,45,79,Low,Pass
ST0154,Software Engineering,4,65,2.62,12,6,35,69,Medium,Fail
ST0155,Software Engineering,7,44,1.56,6,2,30,30,Medium,Fail
ST0156,Data Science,4,90,3.78,16,9,45,96,Low,Pass
ST0157,Information Technology,6,79,2.51,13,7,40,73,Low,Pass
ST0158,Computer Science,5,54,2.11,11,5,22,26,Medium,Fail
ST0159,Data Science,5,76,2.79,11,5,34,47,Low,Pass
ST0160,Computer Science,7,44,2.16,6,3,27,31,Medium,Fail
ST0161,Artificial Intelligence,2,76,2.51,11,7,32,45,Medium,Pass
ST0162,Computer Science,2,44,1.53,12,3,27,34,Medium,Fail
ST0163,Software Engineering,5,89,3.64,20,10,46,78,Low,Pass
ST0164,Information Technology,1,66,2.51,17,5,28,71,Medium,Fail
ST0165,Computer Science,3,69,2.56,10,7,32,63,Medium,Fail
ST0166,Artificial Intelligence,6,76,2.36,10,8,40,46,Medium,Fail
ST0167,Computer Science,3,76,3.0,15,6,28,69,Medium,Pass
ST0168,Computer Science,3,75,3.02,12,8,40,65,Low,Pass
ST0169,Artificial Intelligence,6,79,2.33,13,5,31,73,Low,Fail
ST0170,Artificial Intelligence,6,82,2.72,10,6,34,56,Low,Pass
ST0171,Software Engineering,6,96,3.55,19,10,47,87,Low,Pass
ST0172,Information Technology,3,80,2.63,14,5,38,47,Medium,Pass
ST0173,Software Engineering,7,88,3.26,18,9,47,94,Low,Pass
ST0174,Data Science,2,76,2.7,15,8,33,65,Low,Pass
ST0175,Artificial Intelligence,4,70,3.15,12,8,26,49,Low,Fail
ST0176,Information Technology,2,83,2.33,12,8,36,56,Medium,Fail
ST0177,Data Science,3,96,3.52,18,8,41,75,Low,Pass
ST0178,Software Engineering,8,82,2.4,14,8,31,64,Medium,Fail
ST0179,Computer Science,6,87,3.56,19,8,50,85,Low,Pass
ST0180,Software Engineering,2,74,3.09,12,6,36,61,Low,Fail
ST0181,Information Technology,8,47,2.12,5,4,28,38,High,Fail
ST0182,Data Science,7,87,3.25,19,10,47,91,Low,Pass
ST0183,Information Technology,3,42,1.6,10,2,27,34,High,Fail
ST0184,Artificial Intelligence,3,70,2.98,12,8,26,71,Low,Fail
ST0185,Artificial Intelligence,2,95,3.95,17,9,48,84,Low,Pass
ST0186,Information Technology,3,93,3.3,18,10,48,77,Low,Pass
ST0187,Software Engineering,5,44,1.64,10,2,20,22,Medium,Fail
ST0188,Data Science,5,53,1.99,5,5,30,37,High,Fail
ST0189,Data Science,8,97,3.44,16,10,40,80,Low,Pass
ST0190,Software Engineering,7,71,2.6,12,7,35,68,Medium,Fail
ST0191,Software Engineering,8,56,1.94,10,3,27,23,High,Fail
ST0192,Artificial Intelligence,3,86,3.43,19,10,46,82,Low,Pass
ST0193,Data Science,5,63,1.75,7,5,28,34,High,Fail
ST0194,Computer Science,1,97,3.6,17,8,49,86,Low,Pass
ST0195,Artificial Intelligence,5,100,3.43,16,8,46,79,Low,Pass
ST0196,Data Science,2,51,1.54,5,3,25,37,High,Fail
ST0197,Information Technology,6,82,2.55,11,6,28,57,Medium,Pass
ST0198,Data Science,6,64,1.61,11,2,20,21,Medium,Fail
ST0199,Information Technology,5,69,2.84,12,7,35,50,Medium,Fail
ST0200,Data Science,2,81,2.77,14,8,25,56,Medium,Pass
ST0201,Information Technology,3,65,2.83,14,6,26,63,Medium,Fail
ST0202,Computer Science,4,84,2.99,16,6,32,46,Low,Pass
ST0203,Information Technology,3,78,2.43,13,8,40,72,Low,Fail
ST0204,Data Science,3,95,4.0,19,10,46,85,Low,Pass
ST0205,Software Engineering,5,50,1.93,9,5,23,27,High,Fail
ST0206,Artificial Intelligence,5,49,2.11,8,5,25,35,High,Fail
ST0207,Artificial Intelligence,1,97,3.92,19,9,42,84,Low,Pass
ST0208,Information Technology,5,42,1.77,12,4,27,26,Medium,Fail
ST0209,Computer Science,4,69,2.4,13,6,26,66,Low,Fail
ST0210,Data Science,3,95,3.77,16,10,42,75,Low,Pass
ST0211,Information Technology,2,80,2.72,13,7,35,54,Low,Pass
ST0212,Data Science,7,86,3.93,17,9,42,76,Low,Pass
ST0213,Artificial Intelligence,2,94,3.9,16,9,49,94,Low,Pass
ST0214,Computer Science,4,100,3.91,17,10,47,83,Low,Pass
ST0215,Software Engineering,4,79,2.88,12,5,35,70,Medium,Pass
ST0216,Software Engineering,3,77,3.04,15,5,37,66,Low,Pass
ST0217,Artificial Intelligence,6,72,2.31,16,6,39,69,Medium,Fail
ST0218,Artificial Intelligence,8,83,2.31,15,6,26,66,Low,Fail
ST0219,Software Engineering,4,94,3.75,18,9,49,82,Low,Pass
ST0220,Information Technology,4,79,2.97,15,8,40,69,Low,Pass
ST0221,Information Technology,4,42,1.92,10,2,29,23,Medium,Fail
ST0222,Information Technology,2,70,2.59,17,5,31,67,Medium,Fail
ST0223,Computer Science,5,66,2.7,16,8,26,62,Medium,Fail
ST0224,Computer Science,1,65,2.96,11,5,38,56,Low,Fail
ST0225,Data Science,6,55,1.53,11,3,22,44,High,Fail
ST0226,Software Engineering,3,77,2.63,12,7,28,50,Medium,Pass
ST0227,Software Engineering,7,64,1.52,9,5,30,43,High,Fail
ST0228,Information Technology,7,96,3.32,17,10,41,76,Low,Pass
ST0229,Software Engineering,1,40,1.69,6,2,29,21,High,Fail
ST0230,Information Technology,4,77,2.69,13,5,29,61,Medium,Pass
ST0231,Data Science,4,84,2.99,15,6,34,73,Low,Pass
ST0232,Information Technology,7,66,2.8,12,8,40,46,Medium,Fail
ST0233,Software Engineering,4,78,2.66,14,8,30,69,Medium,Pass
ST0234,Software Engineering,7,69,3.02,10,8,38,62,Low,Fail
ST0235,Computer Science,4,95,3.72,19,9,41,92,Low,Pass
ST0236,Data Science,4,86,3.9,17,10,50,92,Low,Pass
ST0237,Data Science,2,95,3.44,16,8,43,98,Low,Pass
ST0238,Data Science,5,62,1.98,8,5,23,37,High,Fail
ST0239,Software Engineering,6,76,2.57,15,8,39,48,Medium,Pass
ST0240,Software Engineering,5,78,2.34,13,6,25,53,Medium,Fail
ST0241,Artificial Intelligence,6,92,3.5,17,9,48,95,Low,Pass
ST0242,Software Engineering,3,55,2.26,12,5,22,43,High,Fail
ST0243,Data Science,1,80,2.46,10,5,27,71,Low,Fail
ST0244,Artificial Intelligence,8,92,3.25,17,8,43,91,Low,Pass
ST0245,Computer Science,7,100,3.73,16,8,48,92,Low,Pass
ST0246,Software Engineering,7,93,3.63,18,8,48,97,Low,Pass
ST0247,Artificial Intelligence,5,88,3.62,17,8,49,91,Low,Pass
ST0248,Artificial Intelligence,4,97,3.26,19,9,49,82,Low,Pass
ST0249,Computer Science,8,67,2.88,10,5,37,57,Medium,Fail
ST0250,Software Engineering,4,70,2.37,16,7,28,73,Low,Fail
ST0251,Software Engineering,1,62,2.2,12,4,20,22,High,Fail
ST0252,Information Technology,3,50,1.51,8,3,26,22,High,Fail
ST0253,Computer Science,3,97,3.74,20,9,46,99,Low,Pass
ST0254,Computer Science,6,76,2.35,16,6,27,55,Medium,Fail
ST0255,Information Technology,2,79,2.74,15,8,38,50,Medium,Pass
ST0256,Data Science,3,92,3.77,16,9,42,87,Low,Pass
ST0257,Software Engineering,2,68,2.38,14,8,36,69,Medium,Fail
ST0258,Computer Science,1,98,3.56,20,10,46,78,Low,Pass
ST0259,Computer Science,7,67,2.83,15,8,25,54,Medium,Fail
ST0260,Artificial Intelligence,5,82,3.11,13,6,37,50,Low,Pass
ST0261,Computer Science,8,89,3.25,19,9,46,84,Low,Pass
ST0262,Computer Science,5,72,2.94,17,6,39,48,Low,Fail
ST0263,Artificial Intelligence,3,50,2.16,11,4,27,30,High,Fail
ST0264,Artificial Intelligence,4,71,2.73,12,8,35,54,Medium,Fail
ST0265,Data Science,4,77,2.62,13,6,25,68,Medium,Pass
ST0266,Artificial Intelligence,4,62,1.55,11,5,22,40,High,Fail
ST0267,Information Technology,7,78,3.0,11,8,40,63,Medium,Pass
ST0268,Software Engineering,2,96,3.76,20,10,50,77,Low,Pass
ST0269,Computer Science,2,76,2.45,10,8,35,70,Medium,Fail
ST0270,Data Science,4,92,3.61,20,10,49,97,Low,Pass
ST0271,Data Science,5,79,2.99,12,7,25,60,Low,Pass
ST0272,Information Technology,4,42,1.59,7,4,24,30,High,Fail
ST0273,Computer Science,2,80,2.39,17,7,27,54,Low,Fail
ST0274,Information Technology,6,60,1.59,7,3,28,25,Medium,Fail
ST0275,Computer Science,7,79,2.51,16,6,30,65,Medium,Pass
ST0276,Artificial Intelligence,4,71,2.7,16,8,25,67,Low,Fail
ST0277,Artificial Intelligence,2,42,1.96,7,4,25,26,High,Fail
ST0278,Artificial Intelligence,6,80,2.77,15,8,37,63,Low,Pass
ST0279,Software Engineering,2,59,1.64,9,2,30,24,High,Fail
ST0280,Data Science,7,70,2.63,12,8,38,64,Low,Fail
ST0281,Data Science,6,90,3.64,19,9,42,80,Low,Pass
ST0282,Data Science,8,76,3.15,17,6,31,71,Medium,Pass
ST0283,Artificial Intelligence,4,78,2.93,17,8,30,47,Low,Pass
ST0284,Information Technology,8,92,3.63,17,9,49,98,Low,Pass
ST0285,Computer Science,7,83,2.4,15,5,39,62,Low,Fail
ST0286,Computer Science,8,72,2.56,10,8,33,56,Low,Fail
ST0287,Software Engineering,4,47,1.67,10,5,22,39,Medium,Fail
ST0288,Information Technology,5,58,1.78,9,3,25,42,High,Fail
ST0289,Software Engineering,3,88,3.31,19,8,44,95,Low,Pass
ST0290,Data Science,5,95,3.86,19,9,42,93,Low,Pass
ST0291,Data Science,8,67,2.86,11,8,33,67,Medium,Fail
ST0292,Software Engineering,7,65,3.07,11,8,36,72,Low,Fail
ST0293,Artificial Intelligence,8,46,1.89,10,4,25,37,Medium,Fail
ST0294,Data Science,8,64,1.54,6,5,20,23,Medium,Fail
ST0295,Computer Science,5,98,3.36,17,10,44,80,Low,Pass
ST0296,Data Science,4,73,2.37,12,5,37,65,Medium,Fail
ST0297,Computer Science,8,68,2.3,17,5,29,63,Low,Fail
ST0298,Software Engineering,2,95,3.85,19,10,42,90,Low,Pass
ST0299,Computer Science,3,68,2.39,15,7,29,57,Low,Fail
ST0300,Data Science,3,65,2.84,12,8,36,68,Low,Fail
ST0301,Artificial Intelligence,7,79,3.07,11,5,29,69,Low,Pass
ST0302,Computer Science,5,50,2.12,8,4,30,22,Medium,Fail
ST0303,Data Science,4,61,2.19,8,3,26,29,Medium,Fail
ST0304,Data Science,3,72,2.74,11,5,36,74,Medium,Fail
ST0305,Artificial Intelligence,1,58,1.83,7,5,21,20,Medium,Fail
ST0306,Data Science,7,86,3.96,19,10,44,95,Low,Pass
ST0307,Software Engineering,4,67,2.87,12,7,27,54,Low,Fail
ST0308,Software Engineering,1,77,2.82,11,7,38,68,Low,Pass
ST0309,Computer Science,3,98,3.29,20,10,40,84,Low,Pass
ST0310,Software Engineering,5,89,3.76,17,9,45,91,Low,Pass
ST0311,Information Technology,5,73,2.95,11,5,35,70,Medium,Fail
ST0312,Artificial Intelligence,3,87,3.6,20,9,40,90,Low,Pass
ST0313,Computer Science,1,88,3.92,16,8,48,75,Low,Pass
ST0314,Software Engineering,7,100,3.49,17,8,40,92,Low,Pass
ST0315,Information Technology,2,78,3.12,15,7,27,63,Medium,Pass
ST0316,Artificial Intelligence,5,66,2.46,10,8,27,73,Medium,Fail
ST0317,Data Science,4,82,2.71,15,6,34,63,Medium,Pass
ST0318,Software Engineering,1,80,3.19,13,6,29,45,Medium,Pass
ST0319,Data Science,4,65,3.15,10,8,34,48,Low,Fail
ST0320,Artificial Intelligence,7,66,3.17,12,7,27,46,Low,Fail
ST0321,Software Engineering,7,67,2.82,12,8,27,63,Low,Fail
ST0322,Artificial Intelligence,8,93,3.88,19,10,45,85,Low,Pass
ST0323,Data Science,3,91,3.31,20,8,42,78,Low,Pass
ST0324,Computer Science,5,78,2.41,15,6,39,54,Medium,Fail
ST0325,Computer Science,3,94,3.86,20,8,43,85,Low,Pass
ST0326,Data Science,1,76,2.65,10,7,33,71,Low,Pass
ST0327,Computer Science,2,57,2.09,8,2,27,23,Medium,Fail
ST0328,Information Technology,2,92,3.3,19,9,50,95,Low,Pass
ST0329,Artificial Intelligence,2,67,2.32,11,6,39,70,Low,Fail
ST0330,Data Science,1,99,3.24,20,9,46,90,Low,Pass
ST0331,Information Technology,1,70,2.62,12,7,33,59,Low,Fail
ST0332,Data Science,5,72,2.88,17,8,40,46,Low,Fail
ST0333,Data Science,1,91,3.71,20,8,50,100,Low,Pass
ST0334,Artificial Intelligence,7,51,1.88,12,4,29,36,High,Fail
ST0335,Information Technology,8,95,3.68,16,9,40,100,Low,Pass
ST0336,Information Technology,5,83,3.19,12,5,32,66,Low,Pass
ST0337,Information Technology,4,63,1.54,8,5,25,25,Medium,Fail
ST0338,Information Technology,8,76,3.11,10,7,29,63,Low,Pass
ST0339,Artificial Intelligence,1,80,2.33,10,6,32,45,Medium,Fail
ST0340,Information Technology,3,46,2.14,10,3,25,21,Medium,Fail
ST0341,Artificial Intelligence,2,69,2.99,15,5,36,67,Medium,Fail
ST0342,Information Technology,4,69,3.17,16,8,35,50,Medium,Fail
ST0343,Information Technology,7,52,1.74,9,3,22,43,Medium,Fail
ST0344,Data Science,2,95,3.94,20,8,50,93,Low,Pass
ST0345,Data Science,6,87,3.39,18,8,50,77,Low,Pass
ST0346,Computer Science,2,91,3.4,16,9,44,100,Low,Pass
ST0347,Information Technology,6,99,3.79,17,9,47,87,Low,Pass
ST0348,Computer Science,5,80,3.0,13,6,39,47,Low,Pass
ST0349,Artificial Intelligence,2,68,2.37,12,8,30,68,Low,Fail
ST0350,Computer Science,3,84,3.09,10,8,30,64,Medium,Pass
ST0351,Artificial Intelligence,5,91,3.98,19,10,48,98,Low,Pass
ST0352,Artificial Intelligence,1,88,3.24,20,10,47,79,Low,Pass
ST0353,Software Engineering,1,87,3.44,20,9,43,78,Low,Pass
ST0354,Data Science,7,94,3.98,19,8,44,100,Low,Pass
ST0355,Software Engineering,6,73,2.38,16,6,36,73,Medium,Fail
ST0356,Computer Science,3,73,2.69,14,6,33,63,Low,Fail
ST0357,Data Science,1,96,3.85,19,10,43,92,Low,Pass
ST0358,Computer Science,7,53,2.26,12,3,27,29,Medium,Fail
ST0359,Software Engineering,4,81,3.01,12,5,39,50,Low,Pass
ST0360,Artificial Intelligence,5,98,3.26,19,8,50,79,Low,Pass
ST0361,Information Technology,1,42,1.57,11,4,24,36,High,Fail
ST0362,Artificial Intelligence,2,78,2.4,12,6,28,74,Low,Fail
ST0363,Software Engineering,1,51,2.19,9,5,30,35,High,Fail
ST0364,Computer Science,4,89,3.69,19,8,46,85,Low,Pass
ST0365,Computer Science,8,73,3.1,10,7,34,54,Medium,Fail
ST0366,Software Engineering,2,47,1.61,12,4,24,43,High,Fail
ST0367,Software Engineering,7,78,2.96,15,5,30,47,Medium,Pass
ST0368,Computer Science,4,56,2.19,5,3,23,26,Medium,Fail
ST0369,Computer Science,2,76,2.93,14,7,39,61,Medium,Pass
ST0370,Artificial Intelligence,6,100,3.68,17,9,49,92,Low,Pass
ST0371,Software Engineering,1,93,3.8,16,9,40,87,Low,Pass
ST0372,Information Technology,7,64,2.26,8,3,30,26,High,Fail
ST0373,Software Engineering,1,85,3.58,17,10,42,94,Low,Pass
ST0374,Artificial Intelligence,8,94,3.77,18,9,46,86,Low,Pass
ST0375,Information Technology,1,94,3.74,20,9,49,78,Low,Pass
ST0376,Artificial Intelligence,2,51,1.94,9,4,30,23,High,Fail
ST0377,Software Engineering,4,60,1.76,9,4,30,42,High,Fail
ST0378,Artificial Intelligence,8,72,3.1,16,7,29,68,Low,Fail
ST0379,Software Engineering,6,98,3.52,16,10,49,81,Low,Pass
ST0380,Computer Science,5,80,3.11,15,7,30,71,Low,Pass
ST0381,Artificial Intelligence,4,73,2.95,12,7,27,52,Medium,Fail
ST0382,Data Science,2,75,2.63,14,8,28,60,Low,Pass
ST0383,Software Engineering,3,56,1.59,11,4,26,21,Medium,Fail
ST0384,Data Science,2,83,3.09,17,6,35,72,Low,Pass
ST0385,Information Technology,3,70,2.58,10,5,39,53,Low,Fail
ST0386,Data Science,7,55,2.12,6,3,29,33,High,Fail
ST0387,Computer Science,1,52,1.5,8,4,20,30,Medium,Fail
ST0388,Software Engineering,5,72,2.5,15,7,29,48,Medium,Fail
ST0389,Data Science,6,86,3.44,18,9,48,94,Low,Pass
ST0390,Software Engineering,1,44,1.77,12,4,23,25,High,Fail
ST0391,Artificial Intelligence,2,89,3.37,16,10,48,80,Low,Pass
ST0392,Computer Science,1,66,2.63,14,5,26,66,Low,Fail
ST0393,Computer Science,4,78,2.7,11,7,40,67,Low,Pass
ST0394,Artificial Intelligence,2,68,2.89,14,6,38,71,Low,Fail
ST0395,Artificial Intelligence,4,88,3.6,20,8,44,91,Low,Pass
ST0396,Computer Science,1,74,2.44,17,6,40,55,Low,Fail
ST0397,Artificial Intelligence,2,68,3.04,17,6,27,69,Low,Fail
ST0398,Computer Science,3,79,3.18,14,7,39,46,Low,Pass
ST0399,Software Engineering,1,51,2.13,10,5,21,23,Medium,Fail
ST0400,Computer Science,3,70,2.59,17,7,27,56,Medium,Fail
ST0401,Software Engineering,2,79,2.54,16,8,38,65,Low,Pass
ST0402,Software Engineering,8,66,3.17,12,5,38,74,Medium,Fail
ST0403,Computer Science,8,76,2.84,12,8,40,48,Medium,Pass
ST0404,Artificial Intelligence,4,95,3.21,20,10,49,98,Low,Pass
ST0405,Information Technology,3,84,2.38,13,8,36,66,Medium,Fail
ST0406,Artificial Intelligence,8,59,1.54,7,5,27,25,Medium,Fail
ST0407,Software Engineering,7,93,3.24,17,10,50,87,Low,Pass
ST0408,Computer Science,6,99,3.84,19,8,47,89,Low,Pass
ST0409,Information Technology,2,63,2.02,6,5,26,21,Medium,Fail
ST0410,Data Science,4,60,1.74,8,5,25,31,Medium,Fail
ST0411,Artificial Intelligence,1,84,2.83,15,8,28,48,Low,Pass
ST0412,Software Engineering,8,74,2.79,15,5,26,73,Low,Fail
ST0413,Data Science,2,63,2.07,6,4,29,26,Medium,Fail
ST0414,Data Science,2,91,3.77,16,9,40,95,Low,Pass
ST0415,Information Technology,7,83,3.15,12,8,25,61,Low,Pass
ST0416,Information Technology,6,81,3.0,12,6,29,48,Medium,Pass
ST0417,Software Engineering,8,53,2.27,8,4,26,30,High,Fail
ST0418,Software Engineering,4,94,3.87,20,9,48,95,Low,Pass
ST0419,Computer Science,6,94,3.75,17,10,50,80,Low,Pass
ST0420,Data Science,1,57,1.88,11,4,26,20,Medium,Fail
ST0421,Computer Science,3,86,3.36,17,9,50,83,Low,Pass
ST0422,Software Engineering,7,74,2.48,10,7,39,48,Low,Fail
ST0423,Computer Science,1,74,2.92,10,8,37,58,Medium,Fail
ST0424,Artificial Intelligence,4,71,2.85,17,6,36,69,Low,Fail
ST0425,Information Technology,5,67,2.47,12,5,37,46,Medium,Fail
ST0426,Computer Science,3,90,3.67,18,8,45,89,Low,Pass
ST0427,Computer Science,6,95,3.68,20,10,44,90,Low,Pass
ST0428,Computer Science,7,50,1.92,7,2,28,25,High,Fail
ST0429,Computer Science,1,71,2.89,15,7,34,51,Medium,Fail
ST0430,Artificial Intelligence,7,79,2.51,13,5,35,57,Low,Pass
ST0431,Artificial Intelligence,4,74,2.32,15,8,40,46,Medium,Fail
ST0432,Computer Science,7,68,2.45,10,5,31,66,Low,Fail
ST0433,Data Science,1,98,3.72,16,10,50,79,Low,Pass
ST0434,Artificial Intelligence,4,66,2.38,10,6,33,62,Low,Fail
ST0435,Information Technology,1,79,2.86,16,7,25,57,Low,Pass
ST0436,Artificial Intelligence,5,86,3.76,16,9,48,78,Low,Pass
ST0437,Software Engineering,8,74,2.98,17,8,37,71,Low,Fail
ST0438,Information Technology,1,69,2.96,14,6,34,66,Medium,Fail
ST0439,Software Engineering,5,44,1.6,5,5,28,37,Medium,Fail
ST0440,Computer Science,4,76,2.49,12,6,30,52,Medium,Fail
ST0441,Artificial Intelligence,2,86,3.88,20,9,50,92,Low,Pass
ST0442,Artificial Intelligence,2,73,2.39,17,7,36,49,Low,Fail
ST0443,Artificial Intelligence,6,71,2.58,17,7,34,67,Low,Fail
ST0444,Software Engineering,6,45,1.5,8,3,30,33,High,Fail
ST0445,Information Technology,8,75,3.08,17,8,36,69,Medium,Pass
ST0446,Computer Science,2,87,3.87,17,10,43,83,Low,Pass
ST0447,Software Engineering,8,56,2.0,11,3,20,37,High,Fail
ST0448,Artificial Intelligence,7,72,3.09,14,6,39,61,Low,Fail
ST0449,Data Science,3,72,3.05,12,6,39,50,Low,Fail
ST0450,Computer Science,4,41,1.67,12,3,21,28,High,Fail
ST0451,Computer Science,1,81,3.11,15,8,40,74,Medium,Pass
ST0452,Data Science,7,50,1.58,9,4,29,37,Medium,Fail
ST0453,Data Science,8,67,2.76,16,6,37,56,Medium,Fail
ST0454,Software Engineering,5,40,1.9,7,5,22,27,Medium,Fail
ST0455,Computer Science,6,90,3.49,16,10,43,88,Low,Pass
ST0456,Information Technology,3,80,2.73,12,8,25,52,Low,Pass
ST0457,Information Technology,3,69,2.86,10,6,26,50,Medium,Fail
ST0458,Data Science,8,59,2.27,5,4,21,26,High,Fail
ST0459,Software Engineering,5,98,3.68,20,8,49,96,Low,Pass
ST0460,Computer Science,2,75,3.12,11,6,37,57,Low,Pass
ST0461,Information Technology,1,98,3.86,20,8,42,90,Low,Pass
ST0462,Computer Science,6,68,2.38,12,5,38,61,Medium,Fail
ST0463,Software Engineering,7,78,2.5,17,8,36,63,Low,Pass
ST0464,Artificial Intelligence,7,92,3.93,16,9,49,92,Low,Pass
ST0465,Artificial Intelligence,4,85,3.66,16,10,40,87,Low,Pass
ST0466,Data Science,5,68,2.44,14,7,38,63,Medium,Fail
ST0467,Artificial Intelligence,5,53,1.94,12,3,25,37,High,Fail
ST0468,Software Engineering,2,77,2.95,11,6,39,70,Low,Pass
ST0469,Software Engineering,2,75,3.01,10,6,37,65,Low,Pass
ST0470,Data Science,1,84,2.69,11,7,32,56,Low,Pass
ST0471,Computer Science,8,52,1.99,9,2,22,40,High,Fail
ST0472,Information Technology,4,94,3.36,20,10,48,97,Low,Pass
ST0473,Artificial Intelligence,7,86,3.49,16,8,41,83,Low,Pass
ST0474,Artificial Intelligence,6,77,2.82,10,5,27,62,Medium,Pass
ST0475,Software Engineering,5,48,1.68,8,5,26,38,Medium,Fail
ST0476,Data Science,5,68,2.8,14,7,28,70,Medium,Fail
ST0477,Data Science,1,58,1.88,8,4,27,41,High,Fail
ST0478,Data Science,6,87,3.51,17,10,43,100,Low,Pass
ST0479,Computer Science,6,56,1.92,9,3,24,22,High,Fail
ST0480,Software Engineering,8,70,2.72,15,6,33,50,Low,Fail
ST0481,Software Engineering,6,92,3.9,17,8,43,82,Low,Pass
ST0482,Information Technology,6,43,2.23,12,2,28,21,High,Fail
ST0483,Computer Science,3,83,3.07,17,6,33,57,Low,Pass
ST0484,Computer Science,8,78,2.73,10,7,37,72,Low,Pass
ST0485,Artificial Intelligence,6,79,2.58,10,5,31,57,Low,Pass
ST0486,Software Engineering,6,73,2.47,14,6,33,60,Medium,Fail
ST0487,Information Technology,3,71,2.67,15,7,37,53,Medium,Fail
ST0488,Software Engineering,7,92,3.85,18,8,48,88,Low,Pass
ST0489,Information Technology,3,89,3.58,16,8,46,90,Low,Pass
ST0490,Computer Science,3,75,3.0,14,7,26,57,Low,Pass
ST0491,Artificial Intelligence,6,93,3.58,16,9,45,83,Low,Pass
ST0492,Artificial Intelligence,3,73,2.61,16,5,36,72,Low,Fail
ST0493,Software Engineering,8,81,2.73,17,5,37,64,Medium,Pass
ST0494,Computer Science,2,60,2.14,10,5,30,39,High,Fail
ST0495,Artificial Intelligence,7,92,3.45,18,10,44,94,Low,Pass
ST0496,Software Engineering,1,64,2.18,10,5,26,25,Medium,Fail
ST0497,Computer Science,2,73,3.14,11,6,30,57,Low,Fail
ST0498,Artificial Intelligence,2,55,1.93,5,5,28,44,Medium,Fail
ST0499,Software Engineering,8,67,2.88,16,7,32,52,Medium,Fail
ST0500,Information Technology,5,90,3.22,18,9,47,89,Low,Pass
ST0501,Information Technology,8,82,2.46,17,8,34,74,Medium,Fail
ST0502,Computer Science,5,87,3.55,18,9,44,79,Low,Pass
ST0503,Data Science,8,89,3.48,19,10,40,97,Low,Pass
ST0504,Software Engineering,6,98,3.84,20,8,40,92,Low,Pass
ST0505,Artificial Intelligence,4,82,2.69,13,6,37,71,Medium,Pass
ST0506,Information Technology,5,92,3.61,20,10,50,83,Low,Pass
ST0507,Information Technology,8,53,1.65,6,3,22,29,Medium,Fail
ST0508,Computer Science,3,84,2.74,15,5,29,46,Low,Pass
ST0509,Data Science,1,89,3.77,16,8,41,79,Low,Pass
ST0510,Artificial Intelligence,1,98,3.45,19,9,47,97,Low,Pass
ST0511,Software Engineering,3,89,3.24,19,8,48,90,Low,Pass
ST0512,Computer Science,4,48,2.15,5,2,23,32,High,Fail
ST0513,Artificial Intelligence,5,88,3.62,17,9,46,96,Low,Pass
ST0514,Artificial Intelligence,8,86,3.8,20,10,41,83,Low,Pass
ST0515,Artificial Intelligence,7,86,3.89,17,8,43,95,Low,Pass
ST0516,Information Technology,8,93,3.67,19,8,40,76,Low,Pass
ST0517,Computer Science,6,87,3.4,19,8,50,94,Low,Pass
ST0518,Information Technology,6,89,3.76,16,8,47,82,Low,Pass
ST0519,Software Engineering,6,64,1.77,12,3,20,42,High,Fail
ST0520,Software Engineering,8,86,3.59,19,10,44,92,Low,Pass
ST0521,Artificial Intelligence,8,82,2.61,17,7,30,47,Low,Pass
ST0522,Artificial Intelligence,4,57,1.79,5,5,22,20,High,Fail
ST0523,Data Science,6,82,3.03,13,8,29,64,Medium,Pass
ST0524,Computer Science,4,68,2.39,11,5,29,50,Low,Fail
ST0525,Information Technology,4,68,2.33,16,8,33,46,Medium,Fail
ST0526,Information Technology,6,65,3.13,13,8,27,59,Low,Fail
ST0527,Computer Science,5,78,3.03,10,7,26,68,Low,Pass
ST0528,Information Technology,3,56,1.58,8,5,23,26,Medium,Fail
ST0529,Software Engineering,3,78,2.96,15,8,38,73,Low,Pass
ST0530,Artificial Intelligence,6,81,2.6,12,8,36,73,Medium,Pass
ST0531,Data Science,6,78,3.04,15,6,31,57,Medium,Pass
ST0532,Computer Science,5,77,2.3,10,7,25,61,Low,Fail
ST0533,Computer Science,2,72,2.49,15,5,33,74,Low,Fail
ST0534,Information Technology,2,69,2.42,15,6,32,53,Medium,Fail
ST0535,Computer Science,5,71,2.95,15,8,30,60,Low,Fail
ST0536,Computer Science,7,83,2.64,10,7,36,73,Medium,Pass
ST0537,Information Technology,6,47,2.09,5,5,20,29,Medium,Fail
ST0538,Information Technology,8,75,2.75,13,6,26,66,Medium,Pass
ST0539,Data Science,2,67,2.5,14,8,29,49,Medium,Fail
ST0540,Software Engineering,3,66,2.79,14,5,37,61,Medium,Fail
ST0541,Artificial Intelligence,7,71,2.73,13,6,32,47,Medium,Fail
ST0542,Artificial Intelligence,6,83,2.38,16,8,36,56,Low,Fail
ST0543,Computer Science,8,65,2.99,12,7,39,64,Low,Fail
ST0544,Information Technology,4,47,1.66,10,3,21,23,Medium,Fail
ST0545,Software Engineering,6,49,1.51,6,4,27,35,Medium,Fail
ST0546,Information Technology,7,71,2.48,14,8,29,67,Low,Fail
ST0547,Data Science,1,56,1.53,7,2,24,26,High,Fail
ST0548,Software Engineering,7,65,2.36,14,7,28,45,Medium,Fail
ST0549,Software Engineering,3,56,2.27,6,4,27,39,Medium,Fail
ST0550,Data Science,6,79,2.8,10,5,32,74,Medium,Pass
ST0551,Artificial Intelligence,1,70,2.32,15,7,34,52,Medium,Fail
ST0552,Computer Science,3,40,2.25,9,3,22,30,High,Fail
ST0553,Artificial Intelligence,7,81,3.15,13,8,32,63,Low,Pass
ST0554,Artificial Intelligence,3,50,1.85,7,3,30,24,Medium,Fail
ST0555,Software Engineering,2,81,3.11,16,6,30,55,Low,Pass
ST0556,Software Engineering,5,69,2.95,15,8,38,54,Medium,Fail
ST0557,Software Engineering,4,43,1.6,5,4,29,38,Medium,Fail
ST0558,Data Science,3,76,2.37,17,6,40,67,Medium,Fail
ST0559,Data Science,5,69,2.45,13,5,38,69,Low,Fail
ST0560,Artificial Intelligence,8,91,3.81,16,8,47,94,Low,Pass
ST0561,Data Science,2,47,1.84,5,5,25,32,Medium,Fail
ST0562,Software Engineering,1,66,3.08,13,8,26,62,Medium,Fail
ST0563,Information Technology,5,97,3.91,18,9,42,88,Low,Pass
ST0564,Software Engineering,2,62,1.91,7,5,30,34,Medium,Fail
ST0565,Data Science,3,62,1.93,11,5,25,34,Medium,Fail
ST0566,Computer Science,2,71,3.09,11,7,35,67,Low,Fail
ST0567,Data Science,3,99,3.71,16,10,46,98,Low,Pass
ST0568,Computer Science,3,66,2.98,15,6,30,72,Low,Fail
ST0569,Computer Science,4,74,2.95,17,7,30,48,Low,Fail
ST0570,Software Engineering,4,73,2.31,17,8,25,64,Medium,Fail
ST0571,Computer Science,4,80,2.7,17,5,25,52,Medium,Pass
ST0572,Artificial Intelligence,5,86,3.72,16,8,40,96,Low,Pass
ST0573,Information Technology,8,41,1.59,7,3,30,29,Medium,Fail
ST0574,Data Science,2,66,2.38,14,7,36,73,Medium,Fail
ST0575,Software Engineering,4,42,1.73,7,2,24,30,High,Fail
ST0576,Information Technology,5,68,2.81,11,8,34,58,Medium,Fail
ST0577,Artificial Intelligence,4,84,2.61,12,8,40,60,Low,Pass
ST0578,Computer Science,7,40,1.59,12,2,23,39,High,Fail
ST0579,Computer Science,5,82,3.02,13,5,31,67,Medium,Pass
ST0580,Software Engineering,1,81,2.79,10,5,35,55,Medium,Pass
ST0581,Data Science,3,95,3.94,19,9,40,95,Low,Pass
ST0582,Computer Science,7,99,3.91,20,9,47,100,Low,Pass
ST0583,Computer Science,6,49,1.95,10,2,23,38,High,Fail
ST0584,Software Engineering,7,48,2.16,10,5,30,37,Medium,Fail
ST0585,Software Engineering,8,74,2.93,15,5,33,58,Low,Fail
ST0586,Computer Science,4,74,2.49,14,6,28,56,Low,Fail
ST0587,Artificial Intelligence,5,65,3.01,12,6,35,74,Medium,Fail
ST0588,Data Science,1,88,3.86,20,10,42,81,Low,Pass
ST0589,Computer Science,1,81,2.4,14,5,27,55,Medium,Fail
ST0590,Artificial Intelligence,5,74,2.32,14,6,35,51,Low,Fail
ST0591,Information Technology,1,79,2.9,14,6,30,53,Low,Pass
ST0592,Software Engineering,4,68,2.48,15,7,33,49,Medium,Fail
ST0593,Computer Science,1,95,3.63,16,8,40,90,Low,Pass
ST0594,Information Technology,4,67,2.68,12,8,36,54,Medium,Fail
ST0595,Artificial Intelligence,8,99,3.65,16,10,47,78,Low,Pass
ST0596,Software Engineering,7,79,2.72,13,6,33,74,Medium,Pass
ST0597,Computer Science,8,75,3.0,15,8,40,45,Low,Pass
ST0598,Computer Science,7,79,3.05,14,7,29,61,Low,Pass
ST0599,Data Science,3,67,3.01,17,8,38,52,Low,Fail
ST0600,Computer Science,3,75,2.49,16,8,35,62,Low,Fail
ST0601,Software Engineering,8,83,3.04,11,8,35,62,Low,Pass
ST0602,Software Engineering,2,77,2.36,11,8,35,60,Low,Fail
ST0603,Data Science,5,58,2.21,5,3,30,24,High,Fail
ST0604,Computer Science,6,79,2.47,15,7,34,74,Medium,Fail
ST0605,Computer Science,1,84,3.18,16,6,34,46,Medium,Pass
ST0606,Data Science,6,76,2.4,14,5,32,58,Medium,Fail
ST0607,Data Science,6,78,2.79,12,8,29,51,Medium,Pass
ST0608,Data Science,8,89,3.31,16,10,40,79,Low,Pass
ST0609,Information Technology,8,44,1.57,11,5,29,33,Medium,Fail
ST0610,Software Engineering,8,79,2.64,13,6,38,64,Low,Pass
ST0611,Computer Science,6,73,2.67,15,5,26,63,Medium,Fail
ST0612,Data Science,4,67,2.43,14,8,27,61,Low,Fail
ST0613,Data Science,8,67,2.91,14,5,35,62,Low,Fail
ST0614,Software Engineering,5,80,2.81,15,8,36,70,Medium,Pass
ST0615,Information Technology,8,94,3.78,20,9,40,95,Low,Pass
ST0616,Data Science,5,86,3.73,18,10,49,75,Low,Pass
ST0617,Artificial Intelligence,5,87,3.88,18,9,42,94,Low,Pass
ST0618,Artificial Intelligence,3,40,2.09,7,3,30,34,High,Fail
ST0619,Data Science,8,47,1.88,5,4,21,24,Medium,Fail
ST0620,Artificial Intelligence,1,47,2.02,7,3,29,43,High,Fail
ST0621,Data Science,4,43,1.54,12,5,27,29,High,Fail
ST0622,Artificial Intelligence,7,77,2.72,12,8,25,54,Medium,Pass
ST0623,Artificial Intelligence,6,61,2.26,6,4,26,39,High,Fail
ST0624,Information Technology,4,88,3.4,20,9,47,99,Low,Pass
ST0625,Computer Science,2,56,1.77,7,4,28,20,Medium,Fail
ST0626,Software Engineering,5,81,2.39,17,7,32,68,Medium,Fail
ST0627,Computer Science,2,87,3.25,20,10,43,94,Low,Pass
ST0628,Artificial Intelligence,3,89,3.5,20,8,41,97,Low,Pass
ST0629,Artificial Intelligence,6,87,3.71,18,9,50,99,Low,Pass
ST0630,Artificial Intelligence,1,87,3.42,16,9,46,85,Low,Pass
ST0631,Data Science,3,48,1.64,6,5,23,39,High,Fail
ST0632,Computer Science,1,98,3.37,16,9,44,78,Low,Pass
ST0633,Computer Science,1,93,3.82,16,9,42,95,Low,Pass
ST0634,Data Science,8,73,2.43,15,8,25,61,Medium,Fail
ST0635,Artificial Intelligence,6,67,2.78,10,8,40,48,Medium,Fail
ST0636,Software Engineering,4,67,2.63,15,5,39,69,Medium,Fail
ST0637,Computer Science,8,77,2.89,14,8,28,65,Medium,Pass
ST0638,Data Science,8,54,2.08,7,2,23,20,Medium,Fail
ST0639,Artificial Intelligence,1,94,3.6,19,8,40,85,Low,Pass
ST0640,Computer Science,4,41,1.82,8,5,30,37,Medium,Fail
ST0641,Software Engineering,4,89,3.59,16,9,49,76,Low,Pass
ST0642,Computer Science,2,86,3.92,16,9,49,80,Low,Pass
ST0643,Artificial Intelligence,7,92,3.25,17,9,45,100,Low,Pass
ST0644,Computer Science,6,89,3.46,17,8,49,80,Low,Pass
ST0645,Data Science,3,89,3.81,17,10,45,92,Low,Pass
ST0646,Computer Science,8,86,3.31,20,9,42,75,Low,Pass
ST0647,Software Engineering,8,90,3.94,20,9,46,97,Low,Pass
ST0648,Information Technology,1,93,3.62,19,8,42,94,Low,Pass
ST0649,Computer Science,7,100,3.69,16,10,44,86,Low,Pass
ST0650,Computer Science,5,71,2.4,11,7,32,59,Low,Fail
ST0651,Computer Science,1,89,3.75,19,9,42,80,Low,Pass
ST0652,Information Technology,1,74,2.49,14,7,39,46,Low,Fail
ST0653,Information Technology,8,85,3.59,16,8,43,98,Low,Pass
ST0654,Software Engineering,2,78,2.48,15,6,28,55,Low,Fail
ST0655,Data Science,1,71,2.63,13,5,40,63,Medium,Fail
ST0656,Artificial Intelligence,4,99,3.34,18,8,47,98,Low,Pass
ST0657,Data Science,8,46,1.77,5,2,24,24,Medium,Fail
ST0658,Data Science,2,75,2.5,14,6,30,63,Low,Pass
ST0659,Software Engineering,7,55,2.18,8,5,27,28,Medium,Fail
ST0660,Computer Science,7,98,3.66,20,8,49,75,Low,Pass
ST0661,Data Science,7,100,3.79,20,8,46,91,Low,Pass
ST0662,Software Engineering,7,62,2.15,12,5,23,22,Medium,Fail
ST0663,Software Engineering,5,94,3.39,16,8,47,96,Low,Pass
ST0664,Software Engineering,7,83,2.97,10,8,39,69,Low,Pass
ST0665,Artificial Intelligence,1,51,2.0,5,2,26,42,High,Fail
ST0666,Computer Science,6,73,2.92,13,5,35,68,Low,Fail
ST0667,Information Technology,2,96,3.57,16,9,45,80,Low,Pass
ST0668,Software Engineering,4,71,2.42,15,6,28,65,Medium,Fail
ST0669,Data Science,6,73,2.75,16,7,26,47,Medium,Fail
ST0670,Software Engineering,2,81,3.04,17,7,39,64,Medium,Pass
ST0671,Artificial Intelligence,3,54,1.57,11,3,24,22,Medium,Fail
ST0672,Data Science,5,89,3.6,17,10,50,75,Low,Pass
ST0673,Software Engineering,5,57,2.24,12,4,26,34,Medium,Fail
ST0674,Artificial Intelligence,6,92,3.87,20,10,45,88,Low,Pass
ST0675,Software Engineering,5,81,3.05,17,8,34,63,Low,Pass
ST0676,Software Engineering,8,47,1.88,9,2,22,31,High,Fail
ST0677,Software Engineering,3,70,2.93,14,6,30,71,Low,Fail
ST0678,Information Technology,4,95,3.66,19,9,45,80,Low,Pass
ST0679,Computer Science,5,75,3.17,12,7,39,62,Low,Pass
ST0680,Artificial Intelligence,6,52,2.24,7,5,25,24,Medium,Fail
ST0681,Computer Science,8,74,3.16,12,8,35,67,Low,Fail
ST0682,Computer Science,6,88,3.45,19,10,43,89,Low,Pass
ST0683,Computer Science,8,84,2.87,13,7,31,45,Low,Pass
ST0684,Data Science,3,52,1.65,10,2,30,31,High,Fail
ST0685,Data Science,4,76,2.31,15,7,34,59,Low,Fail
ST0686,Information Technology,3,78,3.02,14,6,38,68,Medium,Pass
ST0687,Computer Science,2,69,2.48,17,7,27,74,Medium,Fail
ST0688,Information Technology,5,73,2.67,17,6,31,50,Medium,Fail
ST0689,Software Engineering,1,74,3.04,14,8,39,52,Low,Fail
ST0690,Computer Science,4,100,3.3,18,9,42,90,Low,Pass
ST0691,Information Technology,8,93,3.59,16,10,45,93,Low,Pass
ST0692,Software Engineering,5,73,2.86,17,5,36,61,Low,Fail
ST0693,Data Science,6,69,2.58,12,7,30,46,Medium,Fail
ST0694,Information Technology,2,76,2.34,14,5,31,69,Low,Fail
ST0695,Information Technology,2,57,1.75,10,4,24,41,High,Fail
ST0696,Computer Science,3,69,2.31,14,7,40,58,Medium,Fail
ST0697,Data Science,2,92,3.87,20,10,48,92,Low,Pass
ST0698,Software Engineering,6,67,2.4,12,5,40,56,Medium,Fail
ST0699,Software Engineering,4,59,1.91,10,3,24,20,Medium,Fail
ST0700,Computer Science,7,44,2.04,9,3,23,24,Medium,Fail
ST0701,Data Science,1,100,3.81,16,8,41,76,Low,Pass
ST0702,Computer Science,2,93,3.23,18,10,40,99,Low,Pass
ST0703,Software Engineering,2,46,1.96,8,3,30,31,Medium,Fail
ST0704,Computer Science,2,48,2.25,10,4,22,36,Medium,Fail
ST0705,Software Engineering,2,64,1.51,8,3,24,25,Medium,Fail
ST0706,Data Science,6,62,1.88,7,5,30,23,Medium,Fail
ST0707,Data Science,3,81,2.5,11,7,28,59,Low,Pass
ST0708,Artificial Intelligence,7,62,1.73,5,2,25,35,Medium,Fail
ST0709,Computer Science,4,74,2.91,17,6,38,54,Medium,Fail
ST0710,Data Science,2,55,2.24,10,3,20,41,High,Fail
ST0711,Artificial Intelligence,2,67,2.41,16,8,28,68,Low,Fail
ST0712,Information Technology,5,50,1.66,11,2,23,33,High,Fail
ST0713,Computer Science,2,77,2.62,16,8,33,49,Medium,Pass
ST0714,Computer Science,1,100,3.38,17,8,41,98,Low,Pass
ST0715,Information Technology,2,65,3.17,16,7,29,54,Low,Fail
ST0716,Computer Science,1,54,1.66,12,5,28,28,High,Fail
ST0717,Software Engineering,1,43,1.8,10,5,27,34,Medium,Fail
ST0718,Data Science,7,74,3.09,12,8,38,49,Medium,Fail
ST0719,Artificial Intelligence,7,58,2.03,12,5,28,25,Medium,Fail
ST0720,Software Engineering,1,77,2.85,15,7,35,46,Low,Pass
ST0721,Artificial Intelligence,6,51,2.14,5,4,26,23,High,Fail
ST0722,Artificial Intelligence,2,66,2.89,13,6,34,63,Low,Fail
ST0723,Information Technology,7,90,3.22,18,8,47,96,Low,Pass
ST0724,Information Technology,6,78,2.54,17,5,35,57,Medium,Pass
ST0725,Software Engineering,6,100,3.28,17,9,47,91,Low,Pass
ST0726,Artificial Intelligence,5,76,3.16,13,8,27,71,Low,Pass
ST0727,Information Technology,2,97,3.84,20,10,41,97,Low,Pass
ST0728,Information Technology,5,67,2.8,17,8,31,56,Low,Fail
ST0729,Information Technology,8,53,2.02,10,3,26,32,High,Fail
ST0730,Data Science,4,85,3.7,20,8,49,90,Low,Pass
ST0731,Software Engineering,8,98,3.95,16,10,43,86,Low,Pass
ST0732,Data Science,4,94,3.88,19,9,41,95,Low,Pass
ST0733,Software Engineering,7,94,3.72,18,10,49,82,Low,Pass
ST0734,Data Science,7,91,3.22,18,9,47,92,Low,Pass
ST0735,Computer Science,3,66,2.48,14,6,25,53,Medium,Fail
ST0736,Data Science,2,55,2.12,5,2,25,39,High,Fail
ST0737,Information Technology,2,61,2.02,6,5,22,27,Medium,Fail
ST0738,Artificial Intelligence,6,83,3.15,14,8,27,52,Low,Pass
ST0739,Software Engineering,3,63,1.81,8,5,23,24,Medium,Fail
ST0740,Information Technology,6,54,1.82,5,5,28,31,Medium,Fail
ST0741,Computer Science,5,72,3.16,12,7,40,67,Medium,Fail
ST0742,Artificial Intelligence,5,84,2.33,10,6,33,62,Medium,Fail
ST0743,Artificial Intelligence,5,61,1.6,8,5,26,20,High,Fail
ST0744,Computer Science,7,92,3.44,17,9,50,85,Low,Pass
ST0745,Computer Science,7,87,3.86,19,9,46,85,Low,Pass
ST0746,Computer Science,8,62,1.71,6,4,26,39,High,Fail
ST0747,Artificial Intelligence,5,60,2.01,12,3,20,32,Medium,Fail
ST0748,Artificial Intelligence,3,68,2.44,12,8,35,59,Medium,Fail
ST0749,Data Science,3,95,3.84,17,8,46,86,Low,Pass
ST0750,Software Engineering,5,58,1.68,5,3,21,34,Medium,Fail
ST0751,Computer Science,2,98,3.68,17,8,45,80,Low,Pass
ST0752,Artificial Intelligence,4,78,2.99,17,8,28,52,Low,Pass
ST0753,Software Engineering,5,100,3.51,19,8,49,81,Low,Pass
ST0754,Artificial Intelligence,4,78,3.01,10,7,33,52,Medium,Pass
ST0755,Data Science,4,79,2.38,17,6,35,67,Medium,Fail
ST0756,Artificial Intelligence,8,84,2.53,11,5,26,55,Low,Pass
ST0757,Data Science,5,61,2.26,5,2,24,36,High,Fail
ST0758,Data Science,6,69,3.16,10,6,33,50,Medium,Fail
ST0759,Computer Science,6,95,3.77,19,8,44,78,Low,Pass
ST0760,Information Technology,5,55,2.19,9,4,26,29,High,Fail
ST0761,Computer Science,3,70,2.58,17,6,39,46,Low,Fail
ST0762,Data Science,2,86,3.58,17,10,47,88,Low,Pass
ST0763,Software Engineering,2,96,3.99,20,9,47,90,Low,Pass
ST0764,Information Technology,5,87,3.36,18,8,42,98,Low,Pass
ST0765,Computer Science,8,58,1.67,5,3,26,22,Medium,Fail
ST0766,Software Engineering,6,40,1.72,6,5,25,38,Medium,Fail
ST0767,Artificial Intelligence,1,99,3.86,19,9,50,83,Low,Pass
ST0768,Artificial Intelligence,1,60,1.99,12,4,29,24,Medium,Fail
ST0769,Data Science,4,66,2.96,16,5,37,53,Low,Fail
ST0770,Computer Science,3,91,3.33,19,9,50,99,Low,Pass
ST0771,Computer Science,6,98,3.79,18,10,49,79,Low,Pass
ST0772,Data Science,2,56,1.66,12,5,27,28,High,Fail
ST0773,Software Engineering,8,59,1.65,11,2,20,36,High,Fail
ST0774,Artificial Intelligence,8,69,3.13,11,7,39,58,Low,Fail
ST0775,Information Technology,5,89,3.75,18,8,48,88,Low,Pass
ST0776,Computer Science,7,87,3.93,20,8,48,88,Low,Pass
ST0777,Data Science,2,83,3.02,15,7,27,69,Low,Pass
ST0778,Artificial Intelligence,5,90,3.87,16,8,46,97,Low,Pass
ST0779,Software Engineering,4,79,2.97,17,7,35,74,Low,Pass
ST0780,Data Science,1,93,3.9,16,9,48,75,Low,Pass
ST0781,Artificial Intelligence,8,90,3.72,19,10,46,96,Low,Pass
ST0782,Software Engineering,1,84,2.62,16,7,27,49,Low,Pass
ST0783,Software Engineering,3,85,3.76,17,8,43,90,Low,Pass
ST0784,Computer Science,1,82,2.47,14,8,29,60,Medium,Fail
ST0785,Information Technology,8,89,3.79,19,9,47,75,Low,Pass
ST0786,Data Science,2,94,3.66,19,8,45,75,Low,Pass
ST0787,Software Engineering,8,55,2.08,9,2,27,32,High,Fail
ST0788,Computer Science,8,81,2.32,15,5,33,73,Medium,Fail
ST0789,Artificial Intelligence,8,76,2.7,16,5,30,54,Low,Pass
ST0790,Data Science,7,81,2.5,15,8,29,73,Medium,Pass
ST0791,Computer Science,5,61,2.02,10,5,22,39,Medium,Fail
ST0792,Artificial Intelligence,8,69,2.45,12,8,28,70,Medium,Fail
ST0793,Software Engineering,3,86,4.0,18,9,45,96,Low,Pass
ST0794,Information Technology,2,56,1.53,6,4,26,23,Medium,Fail
ST0795,Information Technology,3,93,3.99,18,8,48,83,Low,Pass
ST0796,Information Technology,1,68,2.93,17,8,28,48,Low,Fail
ST0797,Information Technology,8,88,3.9,18,8,44,97,Low,Pass
ST0798,Data Science,8,68,2.44,15,7,29,48,Low,Fail
ST0799,Artificial Intelligence,2,40,1.69,12,4,24,36,Medium,Fail
ST0800,Data Science,3,78,2.62,13,6,38,70,Low,Pass
ST0801,Computer Science,2,78,3.1,15,5,39,49,Low,Pass
ST0802,Information Technology,3,77,3.17,12,8,26,57,Low,Pass
ST0803,Artificial Intelligence,1,94,3.54,20,9,45,86,Low,Pass
ST0804,Data Science,6,59,2.23,11,5,30,26,High,Fail
ST0805,Computer Science,4,49,1.57,10,5,22,36,High,Fail
ST0806,Artificial Intelligence,4,74,2.76,12,5,25,73,Medium,Fail
ST0807,Computer Science,2,81,2.4,10,7,33,65,Medium,Fail
ST0808,Artificial Intelligence,6,43,1.85,5,5,25,27,Medium,Fail
ST0809,Information Technology,6,89,3.77,20,10,43,78,Low,Pass
ST0810,Data Science,1,76,2.7,12,8,38,47,Low,Pass
ST0811,Artificial Intelligence,7,55,1.67,6,4,30,36,High,Fail
ST0812,Data Science,8,78,3.19,17,8,30,49,Low,Pass
ST0813,Information Technology,3,88,3.76,19,9,40,98,Low,Pass
ST0814,Information Technology,1,68,2.84,16,5,28,56,Medium,Fail
ST0815,Software Engineering,1,96,3.44,18,9,44,90,Low,Pass
ST0816,Computer Science,8,98,3.24,18,9,43,80,Low,Pass
ST0817,Information Technology,5,96,3.25,16,9,47,93,Low,Pass
ST0818,Data Science,8,75,3.0,17,6,29,61,Medium,Pass
ST0819,Software Engineering,7,95,3.27,20,10,49,88,Low,Pass
ST0820,Information Technology,1,50,1.93,12,4,30,22,Medium,Fail
ST0821,Data Science,4,74,2.8,11,5,31,64,Low,Fail
ST0822,Information Technology,4,65,2.41,12,5,33,70,Low,Fail
ST0823,Data Science,6,82,2.84,16,5,40,72,Low,Pass
ST0824,Computer Science,2,85,3.89,18,9,44,77,Low,Pass
ST0825,Computer Science,3,74,2.43,14,5,29,54,Medium,Fail
ST0826,Data Science,3,75,2.46,10,7,37,48,Medium,Fail
ST0827,Information Technology,8,48,1.8,6,2,23,27,Medium,Fail
ST0828,Data Science,2,52,2.25,9,2,25,34,High,Fail
ST0829,Software Engineering,2,92,3.93,16,9,48,93,Low,Pass
ST0830,Artificial Intelligence,3,60,2.12,9,5,27,22,Medium,Fail
ST0831,Software Engineering,5,70,3.0,16,8,26,45,Medium,Fail
ST0832,Information Technology,4,100,3.42,18,10,46,86,Low,Pass
ST0833,Information Technology,3,49,1.54,6,4,21,32,Medium,Fail
ST0834,Software Engineering,5,53,1.67,10,4,30,28,High,Fail
ST0835,Information Technology,1,75,2.6,17,7,25,74,Low,Pass
ST0836,Information Technology,2,65,2.9,16,8,37,62,Low,Fail
ST0837,Software Engineering,7,99,3.74,18,9,49,86,Low,Pass
ST0838,Software Engineering,1,62,2.28,6,5,25,26,High,Fail
ST0839,Software Engineering,4,73,2.91,15,6,27,71,Medium,Fail
ST0840,Artificial Intelligence,2,51,1.53,12,3,20,26,High,Fail
ST0841,Software Engineering,2,80,2.45,13,6,27,63,Low,Fail
ST0842,Information Technology,5,92,3.9,18,8,50,75,Low,Pass
ST0843,Information Technology,2,40,2.24,5,4,26,33,High,Fail
ST0844,Artificial Intelligence,8,76,2.76,10,6,26,53,Medium,Pass
ST0845,Computer Science,7,91,3.47,20,8,43,97,Low,Pass
ST0846,Data Science,1,46,1.63,9,2,30,40,Medium,Fail
ST0847,Artificial Intelligence,4,65,2.83,15,7,32,48,Medium,Fail
ST0848,Data Science,2,50,1.91,8,2,29,39,High,Fail
ST0849,Computer Science,3,67,3.17,10,8,35,73,Low,Fail
ST0850,Artificial Intelligence,1,54,1.54,11,2,21,41,Medium,Fail
ST0851,Data Science,8,52,1.58,11,3,29,41,Medium,Fail
ST0852,Computer Science,4,78,3.08,11,7,25,59,Medium,Pass
ST0853,Artificial Intelligence,5,87,3.67,17,10,42,95,Low,Pass
ST0854,Information Technology,5,84,2.7,13,6,26,46,Low,Pass
ST0855,Artificial Intelligence,5,76,2.58,12,6,40,54,Medium,Pass
ST0856,Artificial Intelligence,7,56,1.96,7,2,23,36,Medium,Fail
ST0857,Data Science,8,91,3.71,17,8,45,81,Low,Pass
ST0858,Data Science,2,75,3.06,15,7,38,55,Low,Pass
ST0859,Data Science,4,41,1.89,5,3,23,34,Medium,Fail
ST0860,Computer Science,6,75,3.02,16,6,37,50,Low,Pass
ST0861,Computer Science,6,85,3.64,17,9,47,81,Low,Pass
ST0862,Information Technology,6,46,1.66,7,3,24,43,Medium,Fail
ST0863,Data Science,3,91,3.22,18,8,40,96,Low,Pass
ST0864,Software Engineering,6,68,2.6,13,7,39,52,Medium,Fail
ST0865,Information Technology,4,59,2.2,6,2,22,24,Medium,Fail
ST0866,Software Engineering,5,76,2.58,16,6,26,69,Low,Pass
ST0867,Information Technology,8,66,2.86,14,6,40,51,Low,Fail
ST0868,Software Engineering,8,97,3.8,20,9,47,91,Low,Pass
ST0869,Software Engineering,1,76,2.77,17,8,40,53,Medium,Pass
ST0870,Data Science,7,91,3.56,17,9,43,84,Low,Pass
ST0871,Software Engineering,6,76,2.53,11,6,27,54,Medium,Pass
ST0872,Artificial Intelligence,7,79,2.76,15,8,39,59,Medium,Pass
ST0873,Artificial Intelligence,2,50,1.72,5,3,27,27,High,Fail
ST0874,Artificial Intelligence,2,49,2.17,6,4,23,23,Medium,Fail
ST0875,Software Engineering,5,91,3.47,18,9,44,98,Low,Pass
ST0876,Data Science,7,69,3.19,14,5,34,54,Medium,Fail
ST0877,Data Science,4,64,2.02,12,3,26,27,Medium,Fail
ST0878,Data Science,4,99,3.78,19,9,41,85,Low,Pass
ST0879,Information Technology,3,62,1.83,12,5,28,20,High,Fail
ST0880,Data Science,4,49,2.25,5,5,30,31,High,Fail
ST0881,Software Engineering,3,77,2.98,14,7,25,63,Low,Pass
ST0882,Software Engineering,7,50,1.95,11,5,23,32,Medium,Fail
ST0883,Computer Science,3,75,2.81,17,7,27,50,Low,Pass
ST0884,Software Engineering,4,59,1.89,7,3,21,32,High,Fail
ST0885,Data Science,6,87,3.56,18,10,40,80,Low,Pass
ST0886,Software Engineering,3,68,2.41,16,8,27,57,Low,Fail
ST0887,Software Engineering,1,80,2.44,14,6,39,53,Low,Fail
ST0888,Computer Science,1,77,2.84,13,7,40,59,Medium,Pass
ST0889,Data Science,3,99,3.48,18,9,49,100,Low,Pass
ST0890,Computer Science,7,98,3.57,17,10,49,78,Low,Pass
ST0891,Data Science,4,90,3.42,20,9,50,77,Low,Pass
ST0892,Data Science,7,82,2.41,15,5,28,61,Medium,Fail
ST0893,Data Science,8,91,3.6,19,8,41,95,Low,Pass
ST0894,Artificial Intelligence,3,77,3.06,16,5,25,53,Low,Pass
ST0895,Data Science,3,79,2.73,11,5,32,67,Medium,Pass
ST0896,Software Engineering,7,45,1.63,5,2,22,29,Medium,Fail
ST0897,Computer Science,4,85,3.74,17,9,45,80,Low,Pass
ST0898,Computer Science,8,57,1.67,5,2,26,42,High,Fail
ST0899,Computer Science,4,66,2.99,13,6,36,74,Low,Fail
ST0900,Software Engineering,2,85,3.99,18,8,50,96,Low,Pass
ST0901,Artificial Intelligence,6,43,2.13,7,3,20,33,Medium,Fail
ST0902,Artificial Intelligence,2,71,2.86,16,8,28,52,Low,Fail
ST0903,Computer Science,4,65,2.66,15,5,37,51,Medium,Fail
ST0904,Artificial Intelligence,7,73,2.88,15,5,27,73,Low,Fail
ST0905,Software Engineering,7,55,2.28,6,3,24,23,High,Fail
ST0906,Information Technology,7,75,3.17,17,5,35,45,Medium,Pass
ST0907,Software Engineering,5,72,2.75,10,6,25,64,Low,Fail
ST0908,Software Engineering,4,72,2.85,10,6,36,60,Medium,Fail
ST0909,Information Technology,1,66,2.51,17,7,29,53,Medium,Fail
ST0910,Software Engineering,6,53,2.01,9,2,23,43,High,Fail
ST0911,Information Technology,7,86,3.93,17,10,43,94,Low,Pass
ST0912,Software Engineering,3,79,2.86,11,8,27,51,Low,Pass
ST0913,Data Science,7,90,3.67,17,8,48,77,Low,Pass
ST0914,Artificial Intelligence,4,71,2.52,12,6,34,54,Medium,Fail
ST0915,Data Science,8,55,1.56,10,5,26,25,High,Fail
ST0916,Information Technology,5,78,2.98,17,5,37,58,Low,Pass
ST0917,Data Science,5,82,2.95,14,8,39,54,Medium,Pass
ST0918,Computer Science,1,80,2.36,12,8,31,49,Low,Fail
ST0919,Data Science,7,63,2.07,12,5,26,32,High,Fail
ST0920,Data Science,4,83,2.36,10,5,37,74,Low,Fail
ST0921,Data Science,1,64,2.22,10,5,30,42,High,Fail
ST0922,Artificial Intelligence,3,63,1.69,12,2,25,40,Medium,Fail
ST0923,Data Science,7,69,2.53,12,5,28,69,Low,Fail
ST0924,Artificial Intelligence,5,67,2.76,13,8,30,71,Medium,Fail
ST0925,Information Technology,2,82,2.89,16,7,38,69,Low,Pass
ST0926,Software Engineering,1,51,2.14,9,3,26,42,High,Fail
ST0927,Software Engineering,3,40,1.58,11,5,30,29,High,Fail
ST0928,Software Engineering,3,69,2.48,12,5,39,63,Low,Fail
ST0929,Software Engineering,2,90,3.85,17,9,46,89,Low,Pass
ST0930,Data Science,4,87,3.5,18,8,45,75,Low,Pass
ST0931,Data Science,1,68,2.31,14,5,26,48,Low,Fail
ST0932,Artificial Intelligence,6,73,3.13,17,7,38,55,Medium,Fail
ST0933,Data Science,1,51,2.03,11,2,25,30,Medium,Fail
ST0934,Artificial Intelligence,4,52,2.07,7,2,29,23,High,Fail
ST0935,Artificial Intelligence,1,80,2.76,13,5,35,45,Medium,Pass
ST0936,Data Science,2,72,2.84,16,5,36,58,Medium,Fail
ST0937,Data Science,3,91,3.77,20,10,48,76,Low,Pass
ST0938,Software Engineering,4,49,2.16,12,3,27,23,High,Fail
ST0939,Software Engineering,5,87,3.28,16,8,45,87,Low,Pass
ST0940,Information Technology,4,80,3.15,11,6,40,47,Medium,Pass
ST0941,Software Engineering,4,59,1.55,10,5,26,40,High,Fail
ST0942,Information Technology,2,94,3.27,16,9,49,81,Low,Pass
ST0943,Data Science,7,75,3.15,10,7,26,63,Low,Pass
ST0944,Artificial Intelligence,8,76,3.01,12,6,28,57,Low,Pass
ST0945,Software Engineering,5,94,3.87,19,10,47,79,Low,Pass
ST0946,Data Science,4,66,2.83,14,5,33,72,Medium,Fail
ST0947,Computer Science,4,97,3.25,18,8,43,98,Low,Pass
ST0948,Information Technology,1,64,1.64,12,5,24,41,Medium,Fail
ST0949,Software Engineering,5,78,2.9,15,8,37,47,Medium,Pass
ST0950,Software Engineering,8,82,2.65,12,7,26,72,Medium,Pass
ST0951,Artificial Intelligence,1,79,2.92,14,6,31,51,Low,Pass
ST0952,Computer Science,1,83,2.39,12,8,38,66,Low,Fail
ST0953,Data Science,3,80,2.46,10,5,35,63,Medium,Fail
ST0954,Computer Science,7,88,3.39,19,9,49,80,Low,Pass
ST0955,Computer Science,2,60,1.8,12,4,20,23,Medium,Fail
ST0956,Data Science,7,81,2.5,17,7,28,70,Low,Pass
ST0957,Computer Science,7,62,1.84,7,2,25,22,Medium,Fail
ST0958,Software Engineering,2,82,3.0,17,5,28,69,Low,Pass
ST0959,Software Engineering,4,62,1.64,12,4,21,21,Medium,Fail
ST0960,Artificial Intelligence,5,93,3.88,16,8,41,91,Low,Pass
ST0961,Software Engineering,8,45,1.83,5,3,24,21,High,Fail
ST0962,Computer Science,4,75,2.77,15,6,28,66,Low,Pass
ST0963,Information Technology,4,94,3.88,17,8,49,92,Low,Pass
ST0964,Data Science,3,69,2.95,16,5,33,53,Medium,Fail
ST0965,Artificial Intelligence,4,73,2.9,12,6,27,65,Medium,Fail
ST0966,Computer Science,7,81,2.84,16,6,35,70,Medium,Pass
ST0967,Artificial Intelligence,2,47,1.56,6,2,30,37,High,Fail
ST0968,Data Science,2,76,3.11,14,6,32,53,Low,Pass
ST0969,Computer Science,8,47,1.8,6,2,22,36,High,Fail
ST0970,Software Engineering,7,83,3.07,14,5,26,50,Medium,Pass
ST0971,Software Engineering,3,82,2.79,16,8,29,53,Low,Pass
ST0972,Data Science,7,93,3.24,18,10,43,96,Low,Pass
ST0973,Artificial Intelligence,4,96,3.84,20,9,44,88,Low,Pass
ST0974,Software Engineering,2,67,3.14,16,7,27,65,Low,Fail
ST0975,Information Technology,7,45,1.95,6,4,28,35,Medium,Fail
ST0976,Data Science,1,44,1.88,6,5,20,39,Medium,Fail
ST0977,Computer Science,3,76,2.52,10,8,30,66,Low,Pass
ST0978,Computer Science,6,69,2.76,10,8,40,57,Low,Fail
ST0979,Software Engineering,5,72,3.04,11,7,34,60,Medium,Fail
ST0980,Information Technology,8,97,3.37,18,10,48,76,Low,Pass
ST0981,Artificial Intelligence,1,41,1.78,12,4,24,31,Medium,Fail
ST0982,Information Technology,2,45,1.82,5,2,26,35,Medium,Fail
ST0983,Data Science,4,69,2.67,17,5,29,69,Medium,Fail
ST0984,Software Engineering,3,74,2.62,12,7,28,59,Medium,Fail
ST0985,Data Science,3,78,2.31,13,5,31,54,Low,Fail
ST0986,Data Science,2,75,3.1,12,6,40,66,Medium,Pass
ST0987,Computer Science,3,80,3.01,12,7,37,61,Medium,Pass
ST0988,Data Science,6,40,1.6,10,2,30,27,Medium,Fail
ST0989,Software Engineering,7,63,1.51,12,4,24,35,Medium,Fail
ST0990,Software Engineering,7,81,2.47,14,5,33,67,Low,Fail
ST0991,Data Science,3,68,2.92,12,6,29,52,Low,Fail
ST0992,Computer Science,2,91,3.94,19,8,49,81,Low,Pass
ST0993,Information Technology,1,81,2.57,13,6,35,58,Medium,Pass
ST0994,Artificial Intelligence,4,66,2.57,14,7,33,56,Medium,Fail
ST0995,Information Technology,5,45,1.53,5,4,23,29,High,Fail
ST0996,Computer Science,2,90,3.4,19,9,45,84,Low,Pass
ST0997,Software Engineering,6,82,2.99,12,7,36,68,Medium,Pass
ST0998,Information Technology,1,71,2.82,11,5,29,65,Low,Fail
ST0999,Data Science,5,60,2.15,8,5,21,22,High,Fail
ST1000,Information Technology,5,46,1.92,7,2,22,26,High,Fail
