teacher_id,first_name,last_name,email,phone,gender,age,department_id,department,designation,qualification,experience,salary,joining_year,status,address,created_at
T00001,Sir Waqar,Ahmed,teacher1@edupredict.com,03831144804,Male,25,DEP002,Software Engineering,Professor,MS Software Engineering,9,299276.0,2013.0,Active,"37390 Serrano Valley, Port Rhondastad, AR 89752",2026-08-08 12:38:27.074
T00004,Jennifer,Olsen,teacher4@edupredict.com,03711478736,Female,44,DEP019,Chemistry,Associate Professor,MS Software Engineering,24,164185.0,2017.0,Active,"953 Sarah Garden, Schneidershire, SD 81687",2026-08-08 12:38:27.076
T00005,Yasmeen,Noor,teacher5@edupredict.com,03264290908,Female,22,DEP019,Computer Science,Assistant Professor,BS Computer Science,16,277837.0,2012.0,Active,"736 Jimenez Roads, Reedview, NJ 22804",2026-08-08 12:38:27.077
T00006,Kristen,Molina,teacher6@edupredict.com,03174037775,Female,37,DEP005,Data Science,Professor,PhD Information Technology,32,288547.0,2021.0,Active,"60104 Gregory Oval, New Jill, MH 85628",2026-08-08 12:38:27.078
T00007,Raymond,Ingram,teacher7@edupredict.com,03282711840,Male,32,DEP016,Architecture,Professor,BS Computer Science,8,87131.0,2018.0,Active,"USS Delgado, FPO AA 13985",2026-08-08 12:38:27.078
T00008,Brandon,David,teacher8@edupredict.com,03654450118,Male,60,DEP016,Architecture,Associate Professor,MS Data Science,17,243431.0,2013.0,Active,"1492 Knight Union, Matthewport, PR 40385",2026-08-08 12:38:27.079
T00009,Miguel,Kelly,teacher9@edupredict.com,03210466440,Male,35,DEP014,Mechanical Engineering,Assistant Professor,PhD Artificial Intelligence,8,221933.0,2015.0,Inactive,"5140 Jones Corners Suite 454, Luisstad, IL 32692",2026-08-08 12:38:27.081
T00010,Yolanda,Brown,teacher10@edupredict.com,03708213205,Female,59,DEP010,Economics,Associate Professor,PhD Artificial Intelligence,19,229538.0,2021.0,Active,"573 Nelson Flat, New Ryan, NH 72955",2026-08-08 12:38:27.082
T00011,Christopher,Brown,teacher11@edupredict.com,03904051401,Female,52,DEP011,Marketing,Associate Professor,MS Computer Science,20,81694.0,2023.0,Active,"71317 Martin Viaduct Apt. 397, West Thomaschester, LA 65625",2026-08-08 12:38:27.087
T00012,Pamela,Blanchard,teacher12@edupredict.com,03529073767,Female,48,DEP003,Information Technology,Associate Professor,PhD Artificial Intelligence,21,346398.0,2021.0,Active,"1212 John Rest Suite 629, Connorshire, IL 85084",2026-08-08 12:38:27.088
T00013,Jason,Berry,teacher13@edupredict.com,03167811048,Male,39,DEP008,Accounting,Lecturer,PhD Artificial Intelligence,32,180062.0,2023.0,Active,"27327 Elizabeth Highway Suite 094, West Taylorview, AS 07168",2026-08-08 12:38:27.089
T00014,Cheryl,Watson,teacher14@edupredict.com,03366366177,Female,54,DEP007,Business Administration,Lecturer,MS Software Engineering,4,178116.0,2015.0,Active,"3162 Maxwell Cliff, Lake Jeffery, ME 93020",2026-08-08 12:38:27.089
T00015,Julie,Johnson,teacher15@edupredict.com,03601609321,Male,37,DEP001,Computer Science,Lecturer,PhD Information Technology,7,244176.0,2026.0,Active,"15771 Michael Path, South Jeffreymouth, RI 00829",2026-08-08 12:38:27.091
T00016,Charles,Reyes,teacher16@edupredict.com,03341618788,Male,53,DEP018,Physics,Lecturer,PhD Artificial Intelligence,31,312325.0,2023.0,Active,"Unit 1372 Box 0833, DPO AE 46732",2026-08-08 12:38:27.092
T00017,Frank,Wolf,teacher17@edupredict.com,03381068911,Female,47,DEP003,Information Technology,Lecturer,MPhil Computer Science,5,158520.0,2026.0,Inactive,"614 Katherine Ville Suite 119, Port Donaldmouth, TN 35757",2026-08-08 12:38:27.092
T00018,Adam,Murray,teacher18@edupredict.com,03365082893,Female,51,DEP007,Business Administration,Assistant Professor,PhD Artificial Intelligence,7,272228.0,2016.0,Active,"8198 Amy Turnpike Apt. 598, South Sylvia, PR 28730",2026-08-08 12:38:27.093
T00019,Alex,Estrada,teacher19@edupredict.com,03715991554,Female,41,DEP020,Biology,Assistant Professor,MPhil Computer Science,30,175345.0,2014.0,Inactive,"566 Jennings Rapids, Carlsonville, IL 34840",2026-08-08 12:38:27.094
T00020,Melissa,Chapman,teacher20@edupredict.com,03231789824,Female,53,DEP015,Civil Engineering,Lecturer,MS Software Engineering,3,239259.0,2024.0,Inactive,"007 Bauer Pine, East Cheryl, ND 13766",2026-08-08 12:38:27.095
T00021,James,Gonzalez,teacher21@edupredict.com,03957992763,Male,60,DEP009,Finance,Associate Professor,PhD Computer Science,26,178975.0,2012.0,Active,"856 Richardson Shores Apt. 754, Eugeneville, PA 66405",2026-08-08 12:38:27.095
T00022,Carrie,Mcguire,teacher22@edupredict.com,03960691103,Female,29,DEP005,Data Science,Assistant Professor,PhD Computer Science,20,123373.0,2010.0,Active,"414 Walsh Plains, Vazquezville, MN 32882",2026-08-08 12:38:27.096
T00023,Danny,Mcbride,teacher23@edupredict.com,03766847416,Male,30,DEP020,Biology,Lecturer,PhD Artificial Intelligence,31,310723.0,2013.0,Inactive,"30953 Holly Burg, Stevensshire, VA 35545",2026-08-08 12:38:27.097
T00024,Samantha,Thomas,teacher24@edupredict.com,03311051315,Male,55,DEP012,Management,Assistant Professor,MS Computer Science,30,71314.0,2012.0,Active,"708 Jones Mill, West Karina, NE 51004",2026-08-08 12:38:27.098
T00025,Patricia,Cooper,teacher25@edupredict.com,03174088762,Male,55,DEP015,Civil Engineering,Assistant Professor,BS Computer Science,35,195910.0,2017.0,Inactive,"02427 Mora Grove, Alvaradotown, HI 54427",2026-08-08 12:38:27.098
T00026,Angelica,Cobb,teacher26@edupredict.com,03275224225,Female,25,DEP012,Management,Lecturer,PhD Information Technology,29,292056.0,2013.0,Active,"98924 Laura Ports Suite 050, South Courtneyview, LA 03116",2026-08-08 12:38:27.100
T00027,Amy,Williams,teacher27@edupredict.com,03913355445,Female,31,DEP005,Data Science,Lecturer,MS Computer Science,9,122008.0,2020.0,Active,"336 Meyer Meadows Apt. 517, North Daniel, TX 33755",2026-08-08 12:38:27.101
T00028,Clinton,Kirby,teacher28@edupredict.com,03724924436,Female,36,DEP001,Computer Science,Lecturer,MS Data Science,31,129394.0,2013.0,Active,"914 Butler Mountains, East Craigbury, NM 27742",2026-08-08 12:38:27.102
T00029,Joshua,Mendez,teacher29@edupredict.com,03502318353,Male,53,DEP006,Cyber Security,Assistant Professor,BS Computer Science,16,75798.0,2021.0,Inactive,"7335 Porter Loop Apt. 489, East Melaniebury, GU 91727",2026-08-08 12:38:27.103
T00030,Dennis,Kim,teacher30@edupredict.com,03387576901,Male,56,DEP013,Electrical Engineering,Associate Professor,MS Computer Science,14,207357.0,2010.0,Active,"86364 Rose Trail Apt. 852, Hubbardmouth, UT 47771",2026-08-08 12:38:27.104
T00031,Diana,Jennings,teacher31@edupredict.com,03910881140,Male,60,DEP006,Cyber Security,Lecturer,BS Computer Science,32,271057.0,2014.0,Active,"9185 Susan Terrace Apt. 626, New Carla, PR 46604",2026-08-08 12:38:27.104
T00032,Amanda,Perez,teacher32@edupredict.com,03756587083,Male,37,DEP007,Business Administration,Associate Professor,PhD Computer Science,32,345245.0,2020.0,Active,"478 Leon Coves, Oneillton, MO 48751",2026-08-08 12:38:27.105
T00033,James,Saunders,teacher33@edupredict.com,03495012166,Male,56,DEP014,Mechanical Engineering,Associate Professor,MS Software Engineering,19,154273.0,2013.0,Active,"407 Mckee Trail Apt. 673, Willisfort, LA 26243",2026-08-08 12:38:27.106
T00034,Brian,Abbott,teacher34@edupredict.com,03736761257,Male,44,DEP020,Biology,Lecturer,MS Software Engineering,6,206034.0,2024.0,Active,"4157 Walker Land Apt. 998, Nelsonstad, NC 64186",2026-08-08 12:38:27.107
T00035,Sherry,Meza,teacher35@edupredict.com,03981186995,Female,32,DEP018,Physics,Associate Professor,PhD Computer Science,8,100120.0,2022.0,Active,"441 Jay Path Suite 457, Stephenmouth, OH 84473",2026-08-08 12:38:27.107
T00036,Lisa,Floyd,teacher36@edupredict.com,03326643498,Male,45,DEP007,Business Administration,Assistant Professor,MS Computer Science,2,289668.0,2024.0,Active,"USNS Estes, FPO AE 91546",2026-08-08 12:38:27.108
T00037,Kayla,Wilson,teacher37@edupredict.com,03454121200,Male,31,DEP009,Finance,Assistant Professor,MS Computer Science,34,319136.0,2010.0,Active,"Unit 1303 Box 6065, DPO AP 21853",2026-08-08 12:38:27.108
T00038,Brenda,Brown,teacher38@edupredict.com,03172086173,Female,35,DEP011,Marketing,Associate Professor,PhD Information Technology,28,272012.0,2023.0,Active,"40243 Mary Mountain Apt. 780, Lindabury, VT 19542",2026-08-08 12:38:27.109
T00039,Chad,Love,teacher39@edupredict.com,03299887477,Male,30,DEP015,Civil Engineering,Lecturer,MPhil Computer Science,18,161258.0,2025.0,Active,"0636 Zachary Freeway, North Karl, AL 68212",2026-08-08 12:38:27.110
T00040,David,West,teacher40@edupredict.com,03416934067,Female,55,DEP019,Chemistry,Lecturer,MPhil Computer Science,27,278917.0,2015.0,Inactive,"PSC 9574, Box 6773, APO AA 03968",2026-08-08 12:38:27.110
T00041,Natalie,Frederick,teacher41@edupredict.com,03163671831,Male,44,DEP012,Management,Assistant Professor,MS Computer Science,25,90237.0,2021.0,Active,"06267 Becker Knolls, East Mark, NC 15662",2026-08-08 12:38:27.112
T00042,Stephanie,Schultz,teacher42@edupredict.com,03504831889,Female,42,DEP003,Information Technology,Associate Professor,BS Computer Science,35,234072.0,2011.0,Active,"75963 Karen Groves, West Ryanfurt, ID 01977",2026-08-08 12:38:27.112
T00043,Jeremy,Hansen,teacher43@edupredict.com,03765607481,Female,58,DEP006,Cyber Security,Assistant Professor,PhD Computer Science,27,288794.0,2026.0,Active,"1537 Jeanne Square Apt. 982, Jessemouth, RI 38611",2026-08-08 12:38:27.113
T00044,Michael,Ramirez,teacher44@edupredict.com,03302368831,Female,31,DEP019,Chemistry,Professor,PhD Computer Science,6,125108.0,2018.0,Active,"557 Lowe Via, Jeanettefort, WI 92635",2026-08-08 12:38:27.114
T00045,Kenneth,Cobb,teacher45@edupredict.com,03983627967,Male,30,DEP019,Chemistry,Associate Professor,MS Data Science,27,154445.0,2025.0,Active,"9050 Michelle Radial Suite 753, Saraland, IN 88377",2026-08-08 12:38:27.114
T00046,Roger,Kaufman,teacher46@edupredict.com,03208001653,Female,39,DEP008,Accounting,Professor,PhD Computer Science,18,299047.0,2026.0,Active,"92105 Sydney Ford, New Gabriela, RI 36232",2026-08-08 12:38:27.115
T00047,Angela,Barker,teacher47@edupredict.com,03607037328,Male,39,DEP012,Management,Associate Professor,MS Data Science,32,285807.0,2016.0,Active,"45060 Fisher Orchard, Robertsonhaven, KS 71632",2026-08-08 12:38:37.775
T00048,Timothy,Humphrey,teacher48@edupredict.com,03711244728,Male,40,DEP017,Mathematics,Assistant Professor,MPhil Computer Science,29,143038.0,2025.0,Active,"8873 Laura Tunnel Suite 471, Michaelmouth, CT 76512",2026-08-08 12:38:37.776
T00049,David,Rodriguez,teacher49@edupredict.com,03304076556,Female,42,DEP014,Mechanical Engineering,Professor,PhD Information Technology,11,348826.0,2021.0,Active,"26191 Thomas Village, Lake Theresamouth, IL 69592",2026-08-08 12:38:37.777
T00050,Mary,Martinez,teacher50@edupredict.com,03921602315,Female,48,DEP013,Electrical Engineering,Assistant Professor,PhD Computer Science,15,247679.0,2021.0,Active,"689 Joel Skyway, Shepherdview, ND 27565",2026-08-08 12:38:37.777
T00051,April,Larson,teacher51@edupredict.com,03664831470,Female,26,DEP003,Information Technology,Associate Professor,BS Computer Science,25,161147.0,2023.0,Active,"79701 Chavez Mews Apt. 336, West Gregoryfurt, CT 39849",2026-08-08 12:38:37.778
T00052,Brandy,Smith,teacher52@edupredict.com,03639183025,Female,47,DEP005,Data Science,Lecturer,PhD Computer Science,11,123273.0,2018.0,Active,"902 Bell Camp Apt. 629, Lake Cherylburgh, TN 44955",2026-08-08 12:38:37.779
T00053,Melissa,Mahoney,teacher53@edupredict.com,03725785682,Male,45,DEP017,Mathematics,Lecturer,MS Computer Science,25,101364.0,2022.0,Active,"1900 Scott Valley, Theresabury, OH 58520",2026-08-08 12:38:37.779
T00054,Jennifer,Andrade,teacher54@edupredict.com,03148371262,Female,42,DEP017,Mathematics,Lecturer,PhD Information Technology,17,144795.0,2023.0,Active,"0868 Thomas Fort Apt. 002, Port Joshua, NH 83021",2026-08-08 12:38:37.780
T00055,Ashley,Blackburn,teacher55@edupredict.com,03894482482,Female,55,DEP008,Accounting,Associate Professor,PhD Computer Science,4,220260.0,2025.0,Active,"58189 Jason Ports, Andersonport, MN 46762",2026-08-08 12:38:37.781
T00056,Valerie,Webb,teacher56@edupredict.com,03624068388,Female,29,DEP012,Management,Associate Professor,PhD Information Technology,34,249717.0,2017.0,Active,"4006 Tyler Brooks Suite 990, Lake Nathan, KS 39870",2026-08-08 12:38:37.782
T00057,Eric,Horne,teacher57@edupredict.com,03781752898,Female,42,DEP002,Software Engineering,Associate Professor,PhD Information Technology,27,245345.0,2016.0,Inactive,"224 Anderson Ferry, Hollyberg, TN 06684",2026-08-08 12:38:37.782
T00058,Christian,Meyers,teacher58@edupredict.com,03415384204,Male,38,DEP009,Finance,Assistant Professor,MS Software Engineering,17,255120.0,2024.0,Active,"280 Hansen Canyon, Shawton, ME 29186",2026-08-08 12:38:37.783
T00059,Jasmine,Nelson,teacher59@edupredict.com,03699377069,Male,25,DEP015,Civil Engineering,Assistant Professor,PhD Computer Science,7,132305.0,2012.0,Active,"6645 Ashley Trace, New Richard, WA 49471",2026-08-08 12:38:37.785
T00060,Paul,Williams,teacher60@edupredict.com,03922199210,Male,51,DEP001,Computer Science,Lecturer,MS Data Science,21,155410.0,2011.0,Active,"695 Heidi Springs, Gomezbury, VI 94448",2026-08-08 12:38:37.786
T00061,Kimberly,Boone,teacher61@edupredict.com,03126493912,Female,25,DEP015,Civil Engineering,Assistant Professor,MS Software Engineering,16,160843.0,2024.0,Inactive,"USNV Tyler, FPO AP 12237",2026-08-08 12:38:37.788
T00062,Beth,Rivers,teacher62@edupredict.com,03602863328,Male,47,DEP002,Software Engineering,Professor,PhD Computer Science,10,106653.0,2011.0,Active,"6310 Colleen Turnpike Suite 908, Bradbury, MP 13051",2026-08-08 12:38:37.789
T00063,Kristen,Davis,teacher63@edupredict.com,03498260726,Male,51,DEP008,Accounting,Assistant Professor,MS Data Science,9,341267.0,2018.0,Active,"2530 Ruben Forge Suite 647, Weaverburgh, NH 63144",2026-08-08 12:38:37.790
T00064,Sharon,Sawyer,teacher64@edupredict.com,03408544135,Female,25,DEP004,Artificial Intelligence,Lecturer,PhD Information Technology,20,251965.0,2024.0,Active,"3026 Charles Circle Apt. 839, Erikaberg, DE 54804",2026-08-08 12:38:37.790
T00065,Jacqueline,Scott,teacher65@edupredict.com,03587346276,Female,39,DEP013,Electrical Engineering,Professor,BS Computer Science,20,117704.0,2011.0,Active,"0962 Jo Fields Suite 224, Port Jameston, GU 04955",2026-08-08 12:38:37.791
T00066,Valerie,Osborne,teacher66@edupredict.com,03248935912,Female,54,DEP013,Electrical Engineering,Associate Professor,PhD Artificial Intelligence,13,179468.0,2020.0,Active,"1408 Lopez Motorway Apt. 487, Danielsfurt, KS 76555",2026-08-08 12:38:37.792
T00067,Matthew,Berger,teacher67@edupredict.com,03812221122,Male,32,DEP004,Artificial Intelligence,Lecturer,BS Computer Science,30,254656.0,2022.0,Active,"38196 Alexandria Stravenue Apt. 870, East Josephfurt, PR 22498",2026-08-08 12:38:37.792
T00068,Ryan,Smith,teacher68@edupredict.com,03907380181,Male,42,DEP005,Data Science,Lecturer,MS Software Engineering,28,277786.0,2022.0,Active,"44528 Daniel Valley, Zunigastad, TN 84396",2026-08-08 12:38:37.793
T00069,Catherine,Peck,teacher69@edupredict.com,03550344284,Male,52,DEP008,Accounting,Associate Professor,MS Computer Science,24,181610.0,2025.0,Active,"Unit 6032 Box 9008, DPO AE 50177",2026-08-08 12:38:37.794
T00070,Maria,Kelly,teacher70@edupredict.com,03843940205,Male,59,DEP004,Artificial Intelligence,Assistant Professor,PhD Artificial Intelligence,15,165739.0,2020.0,Active,"65320 Watts Underpass Suite 595, Gravesberg, AK 81469",2026-08-08 12:38:37.795
T00071,Greg,Lambert,teacher71@edupredict.com,03472453621,Female,58,DEP010,Economics,Associate Professor,BS Computer Science,24,255034.0,2025.0,Active,"28055 Amy Land, Buckton, PA 49334",2026-08-08 12:38:37.795
T00072,Emily,Olson,teacher72@edupredict.com,03860833141,Female,44,DEP010,Economics,Lecturer,MPhil Computer Science,29,281987.0,2020.0,Active,"93054 Nicole Locks Suite 136, Kellyside, GU 68864",2026-08-08 12:38:37.796
T00073,Joshua,Green,teacher73@edupredict.com,03131197639,Male,57,DEP011,Marketing,Professor,PhD Information Technology,24,200496.0,2018.0,Inactive,"7839 Caldwell Island Suite 766, Lake Tracyfurt, NH 31585",2026-08-08 12:38:37.797
T00074,Richard,Chavez,teacher74@edupredict.com,03349321542,Female,27,DEP003,Information Technology,Assistant Professor,MS Software Engineering,12,185019.0,2014.0,Active,"1987 Peter Cliffs Suite 477, New Laurieberg, OR 31526",2026-08-08 12:38:37.797
T00075,Jamie,Ingram,teacher75@edupredict.com,03196225219,Male,38,DEP011,Marketing,Assistant Professor,MS Software Engineering,5,232918.0,2012.0,Active,"2576 James Mission Suite 570, Davidbury, NH 46667",2026-08-08 12:38:37.798
T00076,Rachael,Horne,teacher76@edupredict.com,03466908968,Male,49,DEP009,Finance,Lecturer,MS Data Science,27,322920.0,2024.0,Active,"270 Leon Road Suite 207, Westfurt, VI 85632",2026-08-08 12:38:37.799
T00077,Sarah,Vance,teacher77@edupredict.com,03374587349,Female,47,DEP017,Mathematics,Associate Professor,MS Software Engineering,32,333573.0,2024.0,Active,"3551 Melissa Lane Apt. 936, Kimburgh, CT 57111",2026-08-08 12:38:37.801
T00078,Yvonne,Mcintosh,teacher78@edupredict.com,03952362599,Female,43,DEP002,Software Engineering,Professor,MS Computer Science,23,255603.0,2020.0,Active,"94980 Joshua Harbors Apt. 578, New Erinside, KS 79310",2026-08-08 12:38:37.801
T00079,Nicole,Yoder,teacher79@edupredict.com,03234172897,Male,31,DEP019,Chemistry,Assistant Professor,BS Computer Science,2,149900.0,2022.0,Inactive,"USNV Rivera, FPO AP 30114",2026-08-08 12:38:37.802
T00080,James,Riley,teacher80@edupredict.com,03183231803,Male,55,DEP020,Biology,Lecturer,PhD Information Technology,14,346364.0,2013.0,Active,"58704 Sandoval Pine, Jimenezport, UT 10859",2026-08-08 12:38:37.803
T00081,John,Young,teacher81@edupredict.com,03109725964,Female,59,DEP012,Management,Lecturer,PhD Computer Science,1,336087.0,2025.0,Active,"4781 Tiffany Tunnel Suite 973, West Erikaview, MD 97418",2026-08-08 12:38:37.805
T00082,Tina,Brown,teacher82@edupredict.com,03676893479,Male,58,DEP009,Finance,Lecturer,BS Computer Science,7,223854.0,2018.0,Inactive,"77061 Morris Trail Apt. 940, East Jane, ME 97750",2026-08-08 12:38:37.805
T00083,Allen,Griffin,teacher83@edupredict.com,03727801213,Female,27,DEP016,Architecture,Lecturer,PhD Information Technology,29,273684.0,2023.0,Inactive,"0826 Hammond Road, West Bradley, WA 93227",2026-08-08 12:38:37.806
T00084,Joshua,Taylor,teacher84@edupredict.com,03320927295,Female,29,DEP007,Business Administration,Associate Professor,MPhil Computer Science,10,274189.0,2013.0,Active,"00525 Jonathan Manors, Lake Amandaton, OH 99395",2026-08-08 12:38:37.807
T00085,Dennis,Lowe,teacher85@edupredict.com,03120213531,Male,54,DEP017,Mathematics,Lecturer,MPhil Computer Science,25,253759.0,2011.0,Active,"65721 Tammy Avenue Apt. 535, Robertland, MS 17154",2026-08-08 12:38:37.807
T00086,Travis,Robertson,teacher86@edupredict.com,03286831065,Male,35,DEP014,Mechanical Engineering,Associate Professor,BS Computer Science,18,118597.0,2010.0,Active,"12223 Pamela Street Apt. 060, Port Corey, CO 92366",2026-08-08 12:38:37.808
T00087,Shannon,Patton,teacher87@edupredict.com,03574852971,Male,46,DEP008,Accounting,Assistant Professor,PhD Computer Science,29,223109.0,2014.0,Active,"2690 Schneider Mission Apt. 690, Tinachester, MS 16993",2026-08-08 12:38:37.809
T00088,Jay,James,teacher88@edupredict.com,03464787918,Male,59,DEP015,Civil Engineering,Professor,PhD Information Technology,10,190776.0,2017.0,Active,"44121 Wyatt Key, Mitchelltown, MO 37385",2026-08-08 12:38:37.810
T00089,Charles,Haynes,teacher89@edupredict.com,03107298328,Male,36,DEP001,Computer Science,Associate Professor,PhD Information Technology,8,90924.0,2016.0,Active,"PSC 3151, Box 3996, APO AE 12428",2026-08-08 12:38:37.810
T00090,Lauren,Martinez,teacher90@edupredict.com,03951204183,Male,59,DEP012,Management,Assistant Professor,PhD Computer Science,30,137591.0,2022.0,Inactive,"791 Medina Loop, Port Melissa, NM 53428",2026-08-08 12:38:37.811
T00091,Allen,Anderson,teacher91@edupredict.com,03499035553,Female,40,DEP010,Economics,Professor,PhD Artificial Intelligence,29,226194.0,2011.0,Inactive,"136 Frederick Route Apt. 263, North Gregoryview, OH 50501",2026-08-08 12:38:37.811
T00092,Maria,Johnson,teacher92@edupredict.com,03271397238,Female,26,DEP014,Mechanical Engineering,Professor,BS Computer Science,16,265327.0,2017.0,Active,"540 Goodman Springs, South Kennethview, MN 84630",2026-08-08 12:38:45.304
T00093,Courtney,Neal,teacher93@edupredict.com,03884708511,Male,26,DEP005,Data Science,Assistant Professor,MPhil Computer Science,20,272147.0,2014.0,Active,"USS Sims, FPO AE 91132",2026-08-08 12:38:45.304
T00094,Deborah,Valenzuela,teacher94@edupredict.com,03850218406,Male,33,DEP012,Management,Lecturer,MS Computer Science,2,217697.0,2015.0,Active,"759 Debra Way Apt. 657, South Timothy, DC 20048",2026-08-08 12:38:45.305
T00095,Mark,Mahoney,teacher95@edupredict.com,03650489023,Male,49,DEP005,Data Science,Lecturer,PhD Information Technology,33,99498.0,2019.0,Active,"9925 Sonya Rapid Apt. 610, North Monicastad, NH 63550",2026-08-08 12:38:45.306
T00096,Lindsey,Hudson,teacher96@edupredict.com,03393494962,Male,26,DEP002,Software Engineering,Assistant Professor,MS Software Engineering,26,275860.0,2018.0,Active,"77048 Christopher Mount Apt. 882, South Lisafort, NM 29454",2026-08-08 12:38:45.306
T00097,Amy,Glenn,teacher97@edupredict.com,03405061136,Male,40,DEP012,Management,Professor,PhD Artificial Intelligence,25,93583.0,2026.0,Active,"USS Gross, FPO AE 86083",2026-08-08 12:38:45.307
T00098,James,Mcdonald,teacher98@edupredict.com,03881708601,Female,47,DEP001,Computer Science,Lecturer,BS Computer Science,27,255361.0,2017.0,Active,"6829 Wilson Mountain, West Andrew, AL 02267",2026-08-08 12:38:45.308
T00099,Emily,Howard,teacher99@edupredict.com,03139680925,Male,45,DEP003,Information Technology,Lecturer,MS Computer Science,7,313931.0,2018.0,Active,"948 Chang Crescent, East Fernando, NJ 13777",2026-08-08 12:38:45.308
T00100,Theresa,Martinez,teacher100@edupredict.com,03511907346,Male,31,DEP009,Finance,Lecturer,MPhil Computer Science,33,210979.0,2011.0,Active,"556 Barnes Streets, Butlertown, WY 53351",2026-08-08 12:38:45.309
T00101,Thomas,Norton,teacher101@edupredict.com,03853502014,Male,31,DEP002,Software Engineering,Professor,MS Computer Science,25,257564.0,2022.0,Inactive,"32243 Martin Vista Apt. 914, North Michellestad, DE 78103",2026-08-08 12:38:45.310
T00102,Desiree,Mullins,teacher102@edupredict.com,03313934486,Male,25,DEP012,Management,Professor,MS Data Science,14,269347.0,2023.0,Active,"213 Mcgrath Hills, East Ryanmouth, NM 24099",2026-08-08 12:38:45.311
T00103,Virginia,Oliver,teacher103@edupredict.com,03680822416,Female,36,DEP014,Mechanical Engineering,Professor,PhD Information Technology,10,259904.0,2017.0,Active,"5858 Little Junction Apt. 394, Odomside, ND 85422",2026-08-08 12:38:45.312
T00104,Michael,Horton,teacher104@edupredict.com,03324417375,Male,35,DEP015,Civil Engineering,Professor,BS Computer Science,5,169421.0,2011.0,Active,"422 Johnson Street, Lake Kimberly, HI 44342",2026-08-08 12:38:45.313
T00105,Megan,Adkins,teacher105@edupredict.com,03966614634,Male,58,DEP018,Physics,Associate Professor,MPhil Computer Science,8,287214.0,2018.0,Active,"1436 Jones Spring, Port Shelbychester, GA 26516",2026-08-08 12:38:45.314
T00106,David,West,teacher106@edupredict.com,03382391442,Female,26,DEP015,Civil Engineering,Professor,MPhil Computer Science,6,170677.0,2016.0,Active,"4543 Ann Ports, North Tony, CO 19210",2026-08-08 12:38:45.314
T00107,Jeffrey,Levy,teacher107@edupredict.com,03802447668,Female,32,DEP005,Data Science,Assistant Professor,MS Data Science,4,87819.0,2019.0,Active,"138 Armstrong Inlet Apt. 830, East Jennafurt, CT 71328",2026-08-08 12:38:45.315
T00108,Brooke,Castillo,teacher108@edupredict.com,03416807130,Female,32,DEP017,Mathematics,Associate Professor,BS Computer Science,33,344923.0,2018.0,Active,"331 Holt Divide Apt. 149, Bradleyton, KS 44873",2026-08-08 12:38:45.316
T00109,Robert,Davis,teacher109@edupredict.com,03238674906,Female,57,DEP015,Civil Engineering,Professor,MS Data Science,35,109754.0,2022.0,Active,"336 Velez Shoals Suite 494, South Taylorport, AS 55716",2026-08-08 12:38:45.316
T00110,Kimberly,Clayton,teacher110@edupredict.com,03458451372,Female,36,DEP019,Chemistry,Professor,MS Data Science,13,184451.0,2026.0,Active,"3834 Garcia Freeway Apt. 012, Anitaside, VT 55503",2026-08-08 12:38:45.317
T00111,Gary,Rose,teacher111@edupredict.com,03715910787,Female,57,DEP003,Information Technology,Lecturer,BS Computer Science,29,97417.0,2013.0,Active,"7307 Gary Garden, East Jeffrey, AK 38070",2026-08-08 12:38:45.318
T00112,Bryan,Faulkner,teacher112@edupredict.com,03533057550,Male,52,DEP020,Biology,Lecturer,MS Computer Science,3,90463.0,2018.0,Active,"4563 Shari Isle, Lake Jenniferchester, WA 35044",2026-08-08 12:38:45.318
T00113,Maria,Jensen,teacher113@edupredict.com,03689468784,Female,56,DEP006,Cyber Security,Associate Professor,PhD Information Technology,27,97818.0,2017.0,Active,"8618 Rhonda Streets Apt. 810, Brittanychester, ID 35871",2026-08-08 12:38:45.319
T00114,Daniel,Duncan,teacher114@edupredict.com,03149642765,Male,49,DEP002,Software Engineering,Associate Professor,PhD Artificial Intelligence,17,185768.0,2022.0,Active,"82846 Kathryn Pass, Bradtown, ME 93409",2026-08-08 12:38:45.320
T00115,Susan,Nelson,teacher115@edupredict.com,03117995956,Female,60,DEP005,Data Science,Associate Professor,PhD Artificial Intelligence,21,286192.0,2014.0,Active,"091 Mary Extensions Suite 811, Jamiebury, NY 42626",2026-08-08 12:38:45.320
T00116,Mikayla,Orozco,teacher116@edupredict.com,03287464656,Female,60,DEP020,Biology,Lecturer,MPhil Computer Science,9,334216.0,2011.0,Active,"365 Frey Drive, Meganton, PR 95062",2026-08-08 12:38:45.321
T00117,Rebecca,Nielsen,teacher117@edupredict.com,03872636660,Male,60,DEP012,Management,Professor,PhD Artificial Intelligence,27,100440.0,2021.0,Active,"93567 Alyssa Groves Apt. 057, Connerborough, PW 56086",2026-08-08 12:38:45.322
T00118,Darryl,Jenkins,teacher118@edupredict.com,03394681569,Male,52,DEP016,Architecture,Lecturer,PhD Computer Science,4,235761.0,2019.0,Inactive,"13690 Danielle Prairie, Deborahton, NE 44341",2026-08-08 12:38:45.323
T00119,Amy,Martinez,teacher119@edupredict.com,03948976403,Female,31,DEP013,Electrical Engineering,Assistant Professor,MS Data Science,31,256931.0,2026.0,Active,"8646 Stone Forest Suite 108, Williamsshire, WA 31602",2026-08-08 12:38:45.323
T00120,Sean,Dixon,teacher120@edupredict.com,03981471552,Male,50,DEP009,Finance,Professor,PhD Information Technology,13,260482.0,2020.0,Active,"0185 James Mews Apt. 850, Alyssaton, NE 75777",2026-08-08 12:38:45.324
T00121,Veronica,Sosa,teacher121@edupredict.com,03980314219,Female,49,DEP015,Civil Engineering,Professor,BS Computer Science,32,263999.0,2022.0,Inactive,"807 Emily Manor Suite 769, Amyberg, AS 62057",2026-08-08 12:38:45.325
T00122,Mary,Armstrong,teacher122@edupredict.com,03536961998,Female,54,DEP008,Accounting,Assistant Professor,MS Software Engineering,19,106321.0,2024.0,Active,"31217 Ryan Forge, Fosterton, IN 68910",2026-08-08 12:38:45.325
T00123,Vincent,Reyes,teacher123@edupredict.com,03668000466,Female,41,DEP003,Information Technology,Professor,PhD Information Technology,1,230998.0,2014.0,Active,"638 Jeffery Street, North Randy, IL 06405",2026-08-08 12:38:45.326
T00124,Amy,Ruiz,teacher124@edupredict.com,03118704946,Female,28,DEP007,Business Administration,Professor,MS Data Science,11,246977.0,2025.0,Inactive,"0424 Paul Greens, East Timothy, CA 15525",2026-08-08 12:38:45.327
T00125,Daniel,Becker,teacher125@edupredict.com,03507713707,Female,54,DEP015,Civil Engineering,Associate Professor,PhD Information Technology,2,227009.0,2014.0,Active,"3089 John Center Suite 740, Farmerborough, LA 62912",2026-08-08 12:38:45.328
T00126,Jacqueline,Reyes,teacher126@edupredict.com,03586584674,Female,41,DEP008,Accounting,Associate Professor,MPhil Computer Science,31,77310.0,2010.0,Active,"64142 Catherine Squares Suite 154, New Scottfurt, SC 84212",2026-08-08 12:38:45.329
T00127,Donald,Davis,teacher127@edupredict.com,03411534332,Male,28,DEP020,Biology,Professor,PhD Information Technology,29,273034.0,2015.0,Active,"705 Williams Terrace Apt. 195, South Michaelport, PR 88499",2026-08-08 12:38:45.329
T00128,Lisa,Davis,teacher128@edupredict.com,03502337224,Female,37,DEP019,Chemistry,Associate Professor,PhD Artificial Intelligence,7,125622.0,2022.0,Active,"625 Amy Crossroad Suite 798, Jacquelineport, NE 48220",2026-08-08 12:38:45.330
T00129,Adam,Mclaughlin,teacher129@edupredict.com,03784066845,Male,49,DEP004,Artificial Intelligence,Associate Professor,BS Computer Science,11,121002.0,2023.0,Inactive,"68776 Henderson Summit Suite 788, Maddenbury, RI 06642",2026-08-08 12:38:45.331
T00130,Traci,Stevenson,teacher130@edupredict.com,03929633331,Female,35,DEP014,Mechanical Engineering,Associate Professor,BS Computer Science,15,216655.0,2022.0,Active,"6830 Smith Via Apt. 169, Huntmouth, VA 45286",2026-08-08 12:38:45.332
T00131,Catherine,Price,teacher131@edupredict.com,03903473454,Male,48,DEP017,Mathematics,Professor,BS Computer Science,24,205210.0,2010.0,Active,"49798 Brenda Roads, Floresbury, MA 37480",2026-08-08 12:38:45.332
T00132,Ashley,Thomas,teacher132@edupredict.com,03375787899,Female,57,DEP006,Cyber Security,Assistant Professor,PhD Computer Science,33,341358.0,2014.0,Active,"04981 Jeffrey Mountains, West Monicaport, HI 65506",2026-08-08 12:38:45.333
T00133,Terri,Garrison,teacher133@edupredict.com,03650740979,Female,25,DEP011,Marketing,Associate Professor,PhD Information Technology,34,309239.0,2025.0,Active,"93788 Ariana Garden, Isaiahshire, KY 11126",2026-08-08 12:38:45.334
T00134,Allison,Lewis,teacher134@edupredict.com,03854413269,Male,40,DEP010,Economics,Lecturer,PhD Computer Science,26,211851.0,2018.0,Active,"22066 Wendy Manors, Powellville, HI 55866",2026-08-08 12:38:45.334
T00135,Michelle,Richardson,teacher135@edupredict.com,03188198791,Female,55,DEP003,Information Technology,Assistant Professor,MS Computer Science,17,201988.0,2020.0,Active,"2218 Christina Trail Suite 865, Brandibury, MN 32922",2026-08-08 12:38:45.335
T00136,Alex,Diaz,teacher136@edupredict.com,03902586673,Male,46,DEP002,Software Engineering,Assistant Professor,PhD Information Technology,29,75011.0,2023.0,Active,"2582 Williams Falls Apt. 129, Davidmouth, ID 01516",2026-08-08 12:38:45.950
T00137,Jason,Hodges,teacher137@edupredict.com,03503463528,Female,26,DEP017,Mathematics,Associate Professor,BS Computer Science,33,195477.0,2014.0,Active,"9435 Jackson Forest Suite 978, Smithborough, AZ 97414",2026-08-08 12:38:45.951
T00138,Sarah,Chambers,teacher138@edupredict.com,03896667605,Male,34,DEP010,Economics,Professor,PhD Information Technology,33,170032.0,2019.0,Inactive,"031 Zachary Via Suite 082, East Sarah, GA 23604",2026-08-08 12:38:45.953
T00139,Gary,Green,teacher139@edupredict.com,03292399522,Female,44,DEP017,Mathematics,Professor,PhD Computer Science,19,93440.0,2018.0,Active,"13819 Edwin Tunnel, Port Richardton, MP 98684",2026-08-08 12:38:45.954
T00140,Kimberly,Dixon,teacher140@edupredict.com,03121504208,Male,25,DEP020,Biology,Lecturer,BS Computer Science,1,256141.0,2014.0,Active,"Unit 1546 Box 1817, DPO AA 68214",2026-08-08 12:38:45.954
T00141,Deborah,Whitaker,teacher141@edupredict.com,03373009811,Female,52,DEP007,Business Administration,Lecturer,BS Computer Science,9,191399.0,2017.0,Active,"7072 Taylor Orchard, Alexburgh, CO 25684",2026-08-08 12:38:45.955
T00142,Christopher,Morgan,teacher142@edupredict.com,03147571919,Female,47,DEP014,Mechanical Engineering,Professor,MPhil Computer Science,6,168218.0,2020.0,Active,"3308 Candice Crossroad, Teresaland, SC 93682",2026-08-08 12:38:45.956
T00143,Sabrina,Williams,teacher143@edupredict.com,03481227058,Male,46,DEP007,Business Administration,Associate Professor,MS Data Science,6,271172.0,2014.0,Active,"4229 Cole Crossroad Apt. 811, Port Charlesmouth, OR 39918",2026-08-08 12:38:45.957
T00144,Lauren,Barrett,teacher144@edupredict.com,03145731265,Male,51,DEP017,Mathematics,Assistant Professor,MS Computer Science,11,153794.0,2014.0,Active,"3608 Kimberly Vista, North Christinemouth, AK 24981",2026-08-08 12:38:45.957
T00145,Jessica,Rivera,teacher145@edupredict.com,03139414486,Male,26,DEP002,Software Engineering,Professor,BS Computer Science,12,121642.0,2012.0,Active,"3631 Joe Village, Robertsland, PA 27498",2026-08-08 12:38:45.958
T00146,Chelsea,Stuart,teacher146@edupredict.com,03856001582,Male,54,DEP009,Finance,Professor,MPhil Computer Science,25,70775.0,2023.0,Active,"2723 Baxter Crescent, Amandaburgh, MD 38003",2026-08-08 12:38:45.959
T00147,Pamela,Stuart,teacher147@edupredict.com,03359038794,Female,25,DEP015,Civil Engineering,Associate Professor,MS Data Science,25,135968.0,2016.0,Active,"2476 Cannon Lane, New Matthew, ND 31367",2026-08-08 12:38:45.959
T00148,Teresa,Cooper,teacher148@edupredict.com,03888872955,Male,34,DEP001,Computer Science,Associate Professor,MS Software Engineering,5,164156.0,2013.0,Active,"07257 Edwards Manors Apt. 193, North Brentburgh, KY 41099",2026-08-08 12:38:45.964
T00149,Ryan,Floyd,teacher149@edupredict.com,03685897301,Female,43,DEP012,Management,Lecturer,MS Data Science,19,108476.0,2025.0,Inactive,"782 Eileen Trace, Zacharyhaven, VA 98668",2026-08-08 12:38:45.964
T00150,Justin,Lane,teacher150@edupredict.com,03457080523,Male,38,DEP004,Artificial Intelligence,Professor,MPhil Computer Science,6,134410.0,2011.0,Active,"246 Eric Shore, East Mary, LA 06521",2026-08-08 12:38:45.965
T00151,Joseph,Myers,teacher151@edupredict.com,03721284514,Male,45,DEP015,Civil Engineering,Professor,MPhil Computer Science,24,328120.0,2022.0,Active,"611 Lindsey Greens, South Valerie, WV 19005",2026-08-08 12:38:45.966
T00152,Michael,Brown,teacher152@edupredict.com,03633694987,Female,36,DEP005,Data Science,Associate Professor,MS Computer Science,16,294915.0,2013.0,Active,"4607 Allen Cape, Edwardsside, ID 82163",2026-08-08 12:38:45.966
T00153,Alexis,Bowen,teacher153@edupredict.com,03929704911,Male,35,DEP019,Chemistry,Professor,PhD Computer Science,4,116460.0,2015.0,Active,"05144 Garcia Islands, North Betty, NC 46020",2026-08-08 12:38:45.968
T00154,Linda,Moore,teacher154@edupredict.com,03509607845,Female,27,DEP018,Physics,Lecturer,MS Data Science,5,236426.0,2018.0,Active,"56162 Belinda Spurs, East Karina, VT 06878",2026-08-08 12:38:45.969
T00155,Alan,Diaz,teacher155@edupredict.com,03903974398,Female,30,DEP010,Economics,Professor,MS Software Engineering,1,206204.0,2021.0,Active,"4853 Daniel Cliffs Suite 559, East Lucaschester, IL 92614",2026-08-08 12:38:45.970
T00156,David,Allen,teacher156@edupredict.com,03191557222,Male,31,DEP018,Physics,Lecturer,PhD Information Technology,3,168715.0,2021.0,Active,"57328 Wolf Parks Apt. 911, Austinmouth, NH 23110",2026-08-08 12:38:45.970
T00157,Stephanie,Russell,teacher157@edupredict.com,03765784727,Male,28,DEP012,Management,Assistant Professor,MS Data Science,24,322023.0,2016.0,Active,"05946 Tyler Trail, Jordanbury, AL 51155",2026-08-08 12:38:45.971
T00158,Michael,Smith,teacher158@edupredict.com,03239057266,Male,45,DEP016,Architecture,Professor,PhD Artificial Intelligence,9,266507.0,2014.0,Inactive,"039 Montes Overpass Apt. 704, West Ryanbury, TX 28170",2026-08-08 12:38:45.972
T00159,Christopher,Harper,teacher159@edupredict.com,03160704274,Female,31,DEP020,Biology,Lecturer,BS Computer Science,6,283020.0,2021.0,Active,"991 Melinda Land Suite 944, Fosterburgh, IL 27109",2026-08-08 12:38:45.972
T00160,Sherri,Solomon,teacher160@edupredict.com,03717153544,Female,54,DEP019,Chemistry,Professor,BS Computer Science,31,327579.0,2011.0,Active,"967 Duncan Light Suite 340, New Sharon, IL 21641",2026-08-08 12:38:45.973
T00161,Mark,Snow,teacher161@edupredict.com,03817889658,Male,30,DEP017,Mathematics,Professor,MPhil Computer Science,34,338962.0,2014.0,Inactive,"2147 Marilyn Haven, East Emilyburgh, MI 97111",2026-08-08 12:38:45.974
T00162,Danielle,Salinas,teacher162@edupredict.com,03639679320,Male,54,DEP020,Biology,Professor,PhD Information Technology,15,200824.0,2016.0,Active,"65288 Reynolds Overpass, Port Nicholasborough, PR 66832",2026-08-08 12:38:45.975
T00163,Tammy,Dickson,teacher163@edupredict.com,03125476752,Male,54,DEP003,Information Technology,Lecturer,PhD Information Technology,22,87956.0,2025.0,Active,"6256 Nash Ports Suite 795, Jackieborough, MO 89706",2026-08-08 12:38:45.975
T00164,Ryan,Pennington,teacher164@edupredict.com,03757287479,Female,32,DEP005,Data Science,Assistant Professor,PhD Information Technology,10,213796.0,2010.0,Active,"PSC 1003, Box 0114, APO AE 70154",2026-08-08 12:38:45.976
T00165,Emma,Nelson,teacher165@edupredict.com,03820225972,Male,47,DEP001,Computer Science,Lecturer,MS Software Engineering,34,247716.0,2013.0,Active,"988 Dylan Parkway, Port Eric, PR 93317",2026-08-08 12:38:45.976
T00166,Jennifer,Collins,teacher166@edupredict.com,03339907403,Female,31,DEP006,Cyber Security,Assistant Professor,MPhil Computer Science,33,143608.0,2020.0,Active,"591 Erika Motorway Suite 215, West Susan, CT 30549",2026-08-08 12:38:45.979
T00167,Desiree,Evans,teacher167@edupredict.com,03445116621,Female,50,DEP013,Electrical Engineering,Professor,MS Data Science,2,281403.0,2025.0,Active,"8983 Scott Court Suite 120, North Desireeberg, TX 27883",2026-08-08 12:38:45.981
T00168,Sandra,White,teacher168@edupredict.com,03633537911,Female,37,DEP010,Economics,Assistant Professor,MPhil Computer Science,10,228709.0,2016.0,Active,"88919 Munoz Hill Apt. 416, Sandovalstad, UT 19672",2026-08-08 12:38:45.981
T00169,Anthony,Taylor,teacher169@edupredict.com,03729628631,Male,43,DEP006,Cyber Security,Lecturer,BS Computer Science,2,250896.0,2013.0,Active,"1186 Harrison Valleys, New Jennifer, LA 26539",2026-08-08 12:38:45.982
T00170,Dustin,Bennett,teacher170@edupredict.com,03909425099,Male,34,DEP015,Civil Engineering,Lecturer,PhD Computer Science,32,227392.0,2010.0,Inactive,"USNV Ellison, FPO AA 41493",2026-08-08 12:38:45.983
T00171,Cody,Powers,teacher171@edupredict.com,03463835486,Female,36,DEP014,Mechanical Engineering,Associate Professor,MPhil Computer Science,28,260938.0,2023.0,Inactive,"6069 Lauren Springs, Sherryhaven, VT 31380",2026-08-08 12:38:45.983
T00172,Emily,Meyers,teacher172@edupredict.com,03435721504,Female,25,DEP018,Physics,Associate Professor,BS Computer Science,16,221427.0,2025.0,Inactive,"920 Natalie Knolls, Townsendstad, NY 17739",2026-08-08 12:38:45.984
T00173,Kevin,Watson,teacher173@edupredict.com,03694713841,Female,36,DEP020,Biology,Assistant Professor,MPhil Computer Science,33,199247.0,2019.0,Active,"Unit 3308 Box 0937, DPO AE 06974",2026-08-08 12:38:45.984
T00174,Lisa,Sanchez,teacher174@edupredict.com,03137190114,Male,36,DEP014,Mechanical Engineering,Associate Professor,MS Computer Science,11,176708.0,2022.0,Active,"456 Cummings Rapid, Brandonshire, SD 42563",2026-08-08 12:38:45.985
T00175,Gerald,Lee,teacher175@edupredict.com,03565891161,Female,29,DEP007,Business Administration,Lecturer,MS Computer Science,9,292733.0,2015.0,Active,"3668 Richard River Suite 916, Newmanport, GA 47479",2026-08-08 12:38:45.986
T00176,Anne,Kline,teacher176@edupredict.com,03581624156,Female,54,DEP002,Software Engineering,Lecturer,MS Software Engineering,18,262564.0,2019.0,Inactive,"07625 Gray Ranch, Valdezhaven, MI 19509",2026-08-08 12:38:45.986
T00177,Aaron,Hampton,teacher177@edupredict.com,03354031553,Female,40,DEP007,Business Administration,Lecturer,PhD Information Technology,6,144839.0,2017.0,Inactive,"6979 Anthony Roads Apt. 903, West Patricia, MH 83275",2026-08-08 12:38:45.987
T00178,Justin,Wolf,teacher178@edupredict.com,03701528902,Female,29,DEP009,Finance,Assistant Professor,MS Software Engineering,20,110129.0,2026.0,Active,"324 Lynn Fork, Washingtontown, LA 23093",2026-08-08 12:38:45.988
T00179,Michael,Moore,teacher179@edupredict.com,03838945645,Male,39,DEP020,Biology,Professor,MS Data Science,7,321539.0,2022.0,Active,"56282 Miguel Lodge, Mckinneyberg, NE 67424",2026-08-08 12:38:45.989
T00180,Lawrence,Bell,teacher180@edupredict.com,03708374038,Male,37,DEP012,Management,Lecturer,MS Software Engineering,10,101050.0,2013.0,Active,"4116 Tyler Dam Suite 395, Navarrobury, IN 31809",2026-08-08 12:38:45.989
T00181,Lauren,Wade,teacher181@edupredict.com,03147185329,Male,41,DEP011,Marketing,Associate Professor,MS Data Science,33,120728.0,2013.0,Active,"54861 Pena Grove, Fullerberg, HI 71967",2026-08-08 12:38:45.990
T00182,Stephen,Smith,teacher182@edupredict.com,03885588432,Male,37,DEP015,Civil Engineering,Professor,MS Data Science,18,225596.0,2019.0,Active,"30508 Freeman Prairie, West Jeffrey, VI 38129",2026-08-08 12:38:51.811
T00183,Brad,Valenzuela,teacher183@edupredict.com,03815081282,Female,51,DEP015,Civil Engineering,Associate Professor,MS Data Science,13,190105.0,2018.0,Active,"666 Rojas Station Apt. 137, West Ronaldshire, GA 98065",2026-08-08 12:38:51.812
T00184,Vernon,Wilson,teacher184@edupredict.com,03210396801,Male,38,DEP016,Architecture,Lecturer,MS Computer Science,12,341125.0,2020.0,Active,"566 Lisa Corner, Lopezville, NM 88468",2026-08-08 12:38:51.813
T00185,Laura,Cole,teacher185@edupredict.com,03870069117,Female,35,DEP018,Physics,Professor,MS Software Engineering,9,143208.0,2018.0,Active,"2490 Burns Crest Apt. 639, Port Nancy, IA 04053",2026-08-08 12:38:51.813
T00186,Leroy,Jacobs,teacher186@edupredict.com,03165291586,Female,60,DEP008,Accounting,Assistant Professor,MPhil Computer Science,16,189204.0,2016.0,Active,"920 Ray Islands, Lisamouth, MH 55406",2026-08-08 12:38:51.814
T00187,Kim,Burgess,teacher187@edupredict.com,03407768548,Male,26,DEP001,Computer Science,Associate Professor,BS Computer Science,19,232236.0,2021.0,Active,"2816 Brittany Isle, Paulshire, ID 55753",2026-08-08 12:38:51.815
T00188,Joy,Russell,teacher188@edupredict.com,03774177451,Male,46,DEP007,Business Administration,Lecturer,MS Software Engineering,27,208172.0,2021.0,Active,"0143 Beth Park Suite 362, Port Susanborough, AZ 14178",2026-08-08 12:38:51.815
T00189,Kelsey,Gregory,teacher189@edupredict.com,03674171514,Female,32,DEP016,Architecture,Lecturer,PhD Computer Science,34,110203.0,2010.0,Active,"8519 Thompson Parkway Suite 623, Smithshire, CA 76643",2026-08-08 12:38:51.816
T00190,Tiffany,Munoz,teacher190@edupredict.com,03553145404,Male,42,DEP006,Cyber Security,Lecturer,MS Computer Science,5,165876.0,2026.0,Active,"99195 Garcia Prairie Suite 983, Masonfort, IN 81392",2026-08-08 12:38:51.817
T00191,Tina,Haney,teacher191@edupredict.com,03920125687,Female,57,DEP008,Accounting,Associate Professor,BS Computer Science,18,86033.0,2019.0,Active,"6378 Young Prairie Suite 393, Gordonside, CO 29368",2026-08-08 12:38:51.818
T00192,Jesse,Hutchinson,teacher192@edupredict.com,03390315828,Female,54,DEP012,Management,Lecturer,MS Computer Science,12,256616.0,2015.0,Active,"6029 Guerra Terrace, Lake Nicholas, CT 76051",2026-08-08 12:38:51.818
T00193,Elizabeth,Carson,teacher193@edupredict.com,03650161581,Male,31,DEP010,Economics,Associate Professor,PhD Computer Science,16,332446.0,2020.0,Active,"33000 Compton Park Apt. 857, Taylorchester, NM 97810",2026-08-08 12:38:51.819
T00194,James,Ford,teacher194@edupredict.com,03757200107,Male,38,DEP002,Software Engineering,Professor,PhD Artificial Intelligence,23,148326.0,2026.0,Active,"888 Evans Road, Coreyborough, UT 05809",2026-08-08 12:38:51.820
T00195,Michael,Martin,teacher195@edupredict.com,03846219278,Male,51,DEP011,Marketing,Lecturer,PhD Artificial Intelligence,21,171200.0,2016.0,Active,"99185 Smith Flats Suite 632, Hensleyfort, ID 85294",2026-08-08 12:38:51.821
T00196,Anthony,Gaines,teacher196@edupredict.com,03208679869,Female,42,DEP015,Civil Engineering,Assistant Professor,BS Computer Science,24,322696.0,2022.0,Active,"Unit 1531 Box 4589, DPO AA 93943",2026-08-08 12:38:51.821
T00197,Mark,Smith,teacher197@edupredict.com,03555358392,Male,34,DEP007,Business Administration,Professor,PhD Computer Science,4,126712.0,2012.0,Active,"22656 Nelson Spurs, Lewiston, MS 58302",2026-08-08 12:38:51.822
T00198,Mary,Parker,teacher198@edupredict.com,03869274506,Male,28,DEP019,Chemistry,Associate Professor,MPhil Computer Science,4,298510.0,2020.0,Active,"249 Heather Lakes, Cowanberg, RI 95079",2026-08-08 12:38:51.823
T00199,David,Allen,teacher199@edupredict.com,03572957923,Female,48,DEP005,Data Science,Professor,MS Software Engineering,27,232406.0,2026.0,Active,"1275 Simmons Lights, Jacquelinehaven, WI 08742",2026-08-08 12:38:51.824
T00200,Ryan,Mcintyre,teacher200@edupredict.com,03228433412,Male,57,DEP014,Mechanical Engineering,Professor,BS Computer Science,30,194406.0,2024.0,Active,"0716 Kelly Pine Apt. 723, West Jeremy, PA 80921",2026-08-08 12:38:51.824
T00201,Kurt,Harris,teacher201@edupredict.com,03752807800,Female,52,DEP020,Biology,Lecturer,MS Computer Science,24,333063.0,2011.0,Active,"121 Benton Ranch, New Jamietown, LA 61525",2026-08-08 12:38:51.825
T00202,Kevin,Mcdonald,teacher202@edupredict.com,03118194003,Female,28,DEP014,Mechanical Engineering,Associate Professor,BS Computer Science,28,106017.0,2014.0,Active,"PSC 0868, Box 3589, APO AE 17394",2026-08-08 12:38:51.826
T00203,Susan,Bryan,teacher203@edupredict.com,03877424947,Male,56,DEP020,Biology,Lecturer,MS Data Science,17,305316.0,2023.0,Active,"55215 Angela Path, Allisonview, AS 24888",2026-08-08 12:38:51.826
T00204,Nicholas,Owens,teacher204@edupredict.com,03339058816,Male,55,DEP018,Physics,Assistant Professor,MS Software Engineering,8,80373.0,2017.0,Active,"9717 Harris Corners Apt. 323, New Jonathanhaven, AR 94353",2026-08-08 12:38:51.827
T00205,Jeremy,Franco,teacher205@edupredict.com,03211796410,Female,37,DEP006,Cyber Security,Professor,PhD Computer Science,25,276972.0,2014.0,Active,"44693 Beltran Turnpike Apt. 183, South Corey, TN 96761",2026-08-08 12:38:51.828
T00206,Christopher,Alexander,teacher206@edupredict.com,03637920544,Male,49,DEP017,Mathematics,Associate Professor,MS Software Engineering,8,286413.0,2016.0,Inactive,"902 Rebecca Points Apt. 371, Lake Jacob, FL 85819",2026-08-08 12:38:51.828
T00207,Ronald,Hale,teacher207@edupredict.com,03334866755,Male,25,DEP007,Business Administration,Professor,MPhil Computer Science,14,93619.0,2025.0,Active,"USNS Mann, FPO AA 83027",2026-08-08 12:38:51.829
T00208,Sophia,Jackson,teacher208@edupredict.com,03818583849,Male,42,DEP008,Accounting,Lecturer,MS Software Engineering,12,212841.0,2010.0,Active,"USNV White, FPO AP 22442",2026-08-08 12:38:51.829
T00209,Adrienne,Ward,teacher209@edupredict.com,03825894962,Male,34,DEP009,Finance,Professor,MS Computer Science,8,129272.0,2016.0,Active,"84674 Newman Cliffs Apt. 741, East Timothy, UT 75691",2026-08-08 12:38:51.830
T00210,Steven,Brown,teacher210@edupredict.com,03574829505,Male,25,DEP013,Electrical Engineering,Assistant Professor,PhD Computer Science,35,96924.0,2026.0,Active,"33739 Sean Wall Apt. 933, Edwardsland, CT 63883",2026-08-08 12:38:51.831
T00211,Vanessa,Williams,teacher211@edupredict.com,03428147109,Male,50,DEP015,Civil Engineering,Assistant Professor,MS Software Engineering,31,214059.0,2022.0,Active,"690 Wilson Ranch Suite 205, New Sarahland, AS 94375",2026-08-08 12:38:51.832
T00212,David,Doyle,teacher212@edupredict.com,03409460552,Male,50,DEP002,Software Engineering,Associate Professor,MS Computer Science,19,150811.0,2013.0,Active,"1168 Ramsey Estate Suite 797, Cartertown, VA 68943",2026-08-08 12:38:51.832
T00213,Christopher,Fields,teacher213@edupredict.com,03841177388,Male,45,DEP013,Electrical Engineering,Associate Professor,BS Computer Science,33,301700.0,2022.0,Active,"01602 Hannah Course, Brandtstad, FM 83062",2026-08-08 12:38:51.833
T00214,Steven,Brown,teacher214@edupredict.com,03724610434,Male,38,DEP005,Data Science,Associate Professor,MS Data Science,31,100536.0,2021.0,Active,"20421 Fleming Gateway, Thorntonbury, LA 90544",2026-08-08 12:38:51.834
T00215,Tara,Watson,teacher215@edupredict.com,03907007165,Male,30,DEP012,Management,Associate Professor,BS Computer Science,28,256569.0,2019.0,Active,"62694 Jason Walk, Larsenview, OH 79063",2026-08-08 12:38:51.835
T00216,Sydney,Hamilton,teacher216@edupredict.com,03203261727,Female,37,DEP018,Physics,Professor,MS Software Engineering,33,266655.0,2014.0,Active,"Unit 0275 Box 8227, DPO AE 70450",2026-08-08 12:38:51.835
T00217,Jonathan,Blair,teacher217@edupredict.com,03687615927,Male,59,DEP008,Accounting,Professor,PhD Information Technology,21,224810.0,2023.0,Active,"728 Aguilar Valleys Apt. 237, Whiteheadbury, MP 50894",2026-08-08 12:38:51.836
T00218,Ebony,Campbell,teacher218@edupredict.com,03891769628,Female,40,DEP011,Marketing,Associate Professor,PhD Computer Science,27,302409.0,2024.0,Inactive,"506 Bruce Flats Apt. 122, Melissahaven, PW 84985",2026-08-08 12:38:51.837
T00219,Evan,Murphy,teacher219@edupredict.com,03463014054,Female,59,DEP014,Mechanical Engineering,Professor,PhD Information Technology,34,303172.0,2017.0,Active,"Unit 0552 Box 4750, DPO AA 60486",2026-08-08 12:38:51.837
T00220,Jeremy,Bentley,teacher220@edupredict.com,03894012643,Female,59,DEP003,Information Technology,Associate Professor,MS Data Science,28,346166.0,2017.0,Active,"08055 Alicia Field Apt. 479, Brownport, KY 45380",2026-08-08 12:38:51.838
T00221,Ashley,Davis,teacher221@edupredict.com,03406045487,Male,30,DEP018,Physics,Lecturer,MS Computer Science,25,312738.0,2026.0,Inactive,"498 Christopher Pines Apt. 489, Donaldside, PW 57042",2026-08-08 12:38:51.839
T00222,Brenda,Lopez,teacher222@edupredict.com,03750816896,Female,37,DEP011,Marketing,Lecturer,BS Computer Science,6,209031.0,2024.0,Active,"1813 Park Alley, Blakeburgh, MS 18718",2026-08-08 12:38:51.839
T00223,Sharon,Smith,teacher223@edupredict.com,03729096410,Female,45,DEP002,Software Engineering,Associate Professor,PhD Computer Science,22,217916.0,2023.0,Active,"92189 Jasmin Key, Robinsonhaven, OR 63985",2026-08-08 12:38:51.840
T00224,Deborah,Smith,teacher224@edupredict.com,03944029465,Male,28,DEP010,Economics,Lecturer,MS Software Engineering,34,117235.0,2016.0,Active,"457 Jensen Village Apt. 154, Donnaview, CO 77994",2026-08-08 12:38:51.841
T00225,Dawn,Oconnell,teacher225@edupredict.com,03190619134,Female,40,DEP016,Architecture,Associate Professor,MPhil Computer Science,32,165595.0,2025.0,Active,"7169 Gilbert Ways, Mitchellborough, WV 50683",2026-08-08 12:38:51.842
T00226,Garrett,Elliott,teacher226@edupredict.com,03856391746,Male,56,DEP008,Accounting,Lecturer,MPhil Computer Science,16,216745.0,2015.0,Active,"5483 Johnson Circles Suite 852, Gregborough, CA 25541",2026-08-08 12:38:51.842
T00227,James,Villa,teacher227@edupredict.com,03401430286,Male,58,DEP019,Chemistry,Professor,PhD Computer Science,19,99934.0,2012.0,Active,"1164 Samuel Crossroad, Rushtown, KY 98160",2026-08-08 12:38:51.843
T00228,Tim,Bell,teacher228@edupredict.com,03115336163,Female,49,DEP005,Data Science,Assistant Professor,MS Data Science,30,281002.0,2017.0,Active,"7618 Ball Ways, Perkinsborough, MA 79142",2026-08-08 12:38:52.476
T00229,John,Smith,teacher229@edupredict.com,03553551521,Male,48,DEP006,Cyber Security,Assistant Professor,MS Software Engineering,31,149582.0,2014.0,Active,"89231 Angel Summit, Andreamouth, VT 11755",2026-08-08 12:38:52.477
T00230,Shawna,Collins,teacher230@edupredict.com,03316572836,Female,60,DEP018,Physics,Professor,PhD Artificial Intelligence,21,135891.0,2017.0,Active,"Unit 8591 Box 7546, DPO AP 74070",2026-08-08 12:38:52.477
T00231,Charles,Hart,teacher231@edupredict.com,03701005422,Female,40,DEP001,Computer Science,Professor,PhD Information Technology,12,263604.0,2014.0,Active,"38492 Heather Gateway Apt. 977, Natashaborough, DC 68063",2026-08-08 12:38:52.478
T00232,Mary,Fisher,teacher232@edupredict.com,03293037125,Male,29,DEP012,Management,Assistant Professor,PhD Artificial Intelligence,9,185060.0,2024.0,Active,"5002 Collins Drives Suite 538, Port Rogerport, MD 76073",2026-08-08 12:38:52.479
T00233,Sylvia,Bond,teacher233@edupredict.com,03411537913,Female,46,DEP007,Business Administration,Associate Professor,PhD Computer Science,24,97926.0,2015.0,Active,"020 Bautista Mission Apt. 518, North Matthew, PR 20251",2026-08-08 12:38:52.480
T00234,Brian,Miller,teacher234@edupredict.com,03831822358,Female,60,DEP016,Architecture,Professor,BS Computer Science,13,177119.0,2011.0,Active,"39377 Wesley Viaduct, Austinfurt, OK 13702",2026-08-08 12:38:52.480
T00235,Denise,Little,teacher235@edupredict.com,03821848367,Female,35,DEP012,Management,Associate Professor,BS Computer Science,13,122980.0,2015.0,Active,"3246 Amanda Fields Suite 342, Robertton, NJ 69768",2026-08-08 12:38:52.481
T00236,Stephanie,Murphy,teacher236@edupredict.com,03111736628,Male,39,DEP010,Economics,Assistant Professor,MPhil Computer Science,12,157638.0,2018.0,Active,"904 Kristopher Extensions, East Leslieland, RI 13837",2026-08-08 12:38:52.482
T00237,Kristen,Hill,teacher237@edupredict.com,03113849232,Male,37,DEP004,Artificial Intelligence,Lecturer,MS Computer Science,10,132332.0,2012.0,Inactive,"3451 Morris Branch Suite 675, East Julieshire, NY 19311",2026-08-08 12:38:52.482
T00238,Jaclyn,West,teacher238@edupredict.com,03797097454,Male,57,DEP014,Mechanical Engineering,Associate Professor,MS Computer Science,21,204609.0,2023.0,Active,"559 Brandon Flat Apt. 795, East David, CO 93448",2026-08-08 12:38:52.483
T00239,Julie,Mckenzie,teacher239@edupredict.com,03222287964,Female,53,DEP017,Mathematics,Professor,BS Computer Science,10,276713.0,2024.0,Inactive,"071 Edgar Vista Apt. 945, New Aprilmouth, HI 88502",2026-08-08 12:38:52.484
T00240,Natasha,Thompson,teacher240@edupredict.com,03600854603,Male,59,DEP001,Computer Science,Professor,MPhil Computer Science,27,321985.0,2018.0,Active,"90159 Adams Crest Apt. 148, Palmermouth, AR 88558",2026-08-08 12:38:52.484
T00241,Jessica,Bates,teacher241@edupredict.com,03187168562,Male,30,DEP006,Cyber Security,Lecturer,PhD Artificial Intelligence,11,136939.0,2018.0,Inactive,"5521 Laura Hollow, Brianfurt, WA 19519",2026-08-08 12:38:52.485
T00242,Alexander,Wilcox,teacher242@edupredict.com,03118649788,Male,33,DEP007,Business Administration,Associate Professor,MS Computer Science,6,95096.0,2019.0,Active,"490 Harrison Crest, Lake Beverly, WI 02285",2026-08-08 12:38:52.486
T00243,Kyle,Huang,teacher243@edupredict.com,03563214669,Female,34,DEP014,Mechanical Engineering,Assistant Professor,MS Data Science,29,137136.0,2013.0,Active,"Unit 6243 Box 7298, DPO AA 07502",2026-08-08 12:38:52.486
T00244,Jeffrey,Smith,teacher244@edupredict.com,03200863674,Male,29,DEP003,Information Technology,Professor,PhD Information Technology,20,169563.0,2016.0,Active,"0164 White Via Suite 254, New Elijah, ID 02191",2026-08-08 12:38:52.487
T00245,Michael,Osborne,teacher245@edupredict.com,03623160906,Male,50,DEP007,Business Administration,Lecturer,MS Computer Science,12,77086.0,2011.0,Active,"67856 Frank Underpass Apt. 495, East Erikburgh, MS 23859",2026-08-08 12:38:52.488
T00246,Christopher,Wright,teacher246@edupredict.com,03125549179,Male,46,DEP011,Marketing,Associate Professor,MS Computer Science,2,204700.0,2017.0,Active,"41732 Becker Burgs, Edwardsside, AZ 54032",2026-08-08 12:38:52.489
T00247,William,Weiss,teacher247@edupredict.com,03226793606,Male,38,DEP003,Information Technology,Professor,MS Software Engineering,16,112735.0,2016.0,Active,"912 Hannah Village Apt. 684, Angelaborough, CO 12548",2026-08-08 12:38:52.489
T00248,Michael,Walsh,teacher248@edupredict.com,03580121408,Male,38,DEP012,Management,Associate Professor,MPhil Computer Science,30,156705.0,2016.0,Active,"9086 Jason Ranch Apt. 004, North Nathanport, KY 15598",2026-08-08 12:38:52.490
T00249,Scott,Williams,teacher249@edupredict.com,03224957970,Female,59,DEP010,Economics,Assistant Professor,MPhil Computer Science,21,220009.0,2021.0,Active,"50359 Rivera Mountain Apt. 253, Cooperberg, WA 61833",2026-08-08 12:38:52.491
T00250,Kristina,Ritter,teacher250@edupredict.com,03243664917,Female,56,DEP015,Civil Engineering,Professor,PhD Artificial Intelligence,25,147529.0,2026.0,Active,"82884 Harris Park, North Amy, AL 26922",2026-08-08 12:38:52.492
T00251,Barbara,Acevedo,teacher251@edupredict.com,03352856556,Female,46,DEP018,Physics,Professor,MS Software Engineering,15,70228.0,2024.0,Active,"16479 Brandon Loop, South Rebeccaside, NV 22696",2026-08-08 12:38:52.493
T00252,Julie,Hernandez,teacher252@edupredict.com,03968433974,Female,45,DEP015,Civil Engineering,Lecturer,MS Data Science,6,111700.0,2017.0,Active,"757 Sean View Apt. 775, West Thomasville, MA 06395",2026-08-08 12:38:52.494
T00253,William,Roberts,teacher253@edupredict.com,03205582048,Male,36,DEP001,Computer Science,Associate Professor,MS Software Engineering,28,297073.0,2023.0,Active,"087 Taylor Crossroad Suite 169, Samuelview, NV 25172",2026-08-08 12:38:52.494
T00254,Andrew,Ballard,teacher254@edupredict.com,03717894486,Female,60,DEP006,Cyber Security,Assistant Professor,PhD Computer Science,7,218542.0,2026.0,Active,"052 Wendy Fields Suite 287, Andrestad, MS 31421",2026-08-08 12:38:52.495
T00255,Jane,Williams,teacher255@edupredict.com,03825608838,Female,58,DEP010,Economics,Assistant Professor,MPhil Computer Science,18,277101.0,2016.0,Active,"4306 Baker Shoals, Paulmouth, NY 43840",2026-08-08 12:38:52.496
T00256,Deborah,Hudson,teacher256@edupredict.com,03276415072,Male,43,DEP006,Cyber Security,Lecturer,MS Software Engineering,26,242032.0,2013.0,Active,"0177 Gonzalez Inlet Apt. 186, Williamchester, MN 28485",2026-08-08 12:38:52.497
T00257,Karla,Collins,teacher257@edupredict.com,03956440324,Male,32,DEP014,Mechanical Engineering,Professor,MS Software Engineering,15,304870.0,2011.0,Active,"21707 Carrie Spring Suite 768, North Michaelchester, PA 97823",2026-08-08 12:38:52.497
T00258,Candice,Flores,teacher258@edupredict.com,03483662181,Male,27,DEP005,Data Science,Assistant Professor,MS Data Science,17,275196.0,2011.0,Active,"395 Andrew Port, South Williamhaven, FM 78269",2026-08-08 12:38:52.498
T00259,Dustin,Barber,teacher259@edupredict.com,03358310579,Male,51,DEP010,Economics,Associate Professor,PhD Computer Science,35,170606.0,2010.0,Active,"59567 Bradley Greens, New Cynthia, OK 35918",2026-08-08 12:38:52.499
T00260,Brooke,Gonzalez,teacher260@edupredict.com,03692016105,Female,27,DEP004,Artificial Intelligence,Lecturer,BS Computer Science,22,117958.0,2018.0,Active,"4495 Deborah Mount, North Isaacmouth, LA 65275",2026-08-08 12:38:52.499
T00261,Tina,Bell,teacher261@edupredict.com,03423056687,Male,45,DEP017,Mathematics,Assistant Professor,BS Computer Science,31,343977.0,2021.0,Active,"3675 Wendy Fork, Michaelfort, AK 35460",2026-08-08 12:38:52.500
T00262,Kayla,Knight,teacher262@edupredict.com,03562823129,Male,29,DEP005,Data Science,Assistant Professor,MPhil Computer Science,21,271141.0,2012.0,Active,"15123 Smith Path Suite 331, New Johnstad, LA 97768",2026-08-08 12:38:52.501
T00263,Jon,Collins,teacher263@edupredict.com,03720666117,Male,37,DEP003,Information Technology,Lecturer,BS Computer Science,24,84911.0,2018.0,Active,"83393 Duran Harbors Apt. 888, Brownside, MD 60793",2026-08-08 12:38:52.502
T00264,Hector,Coleman,teacher264@edupredict.com,03661736053,Female,40,DEP009,Finance,Assistant Professor,MS Computer Science,5,260656.0,2020.0,Active,"53954 Susan Junctions Apt. 220, East Bryan, IN 42078",2026-08-08 12:38:52.503
T00265,Timothy,Watson,teacher265@edupredict.com,03321140931,Female,50,DEP002,Software Engineering,Professor,PhD Computer Science,8,226402.0,2017.0,Active,"55298 Joel Walks, Claudiastad, MI 48135",2026-08-08 12:38:52.504
T00266,Kevin,Rodriguez,teacher266@edupredict.com,03305201949,Female,54,DEP012,Management,Assistant Professor,MPhil Computer Science,33,244258.0,2014.0,Active,"6005 Kaitlin Radial, Lake Curtis, RI 98503",2026-08-08 12:38:52.504
T00267,Jacob,Lowery,teacher267@edupredict.com,03194543868,Male,50,DEP020,Biology,Associate Professor,PhD Artificial Intelligence,30,160436.0,2025.0,Active,"059 Emily Meadows Suite 747, East Shawn, AS 05711",2026-08-08 12:38:52.505
T00268,Shane,White,teacher268@edupredict.com,03945622089,Male,36,DEP006,Cyber Security,Lecturer,PhD Artificial Intelligence,19,284287.0,2012.0,Active,"229 Brittany Street, Russellbury, MN 52895",2026-08-08 12:38:52.506
T00269,Donald,Valenzuela,teacher269@edupredict.com,03561881599,Female,40,DEP013,Electrical Engineering,Lecturer,MS Data Science,24,272138.0,2010.0,Active,"319 Werner Stream, East Nicholasside, MP 99470",2026-08-08 12:38:52.507
T00270,Danielle,Johnson,teacher270@edupredict.com,03495288609,Male,39,DEP007,Business Administration,Associate Professor,PhD Computer Science,32,162199.0,2024.0,Active,"Unit 8293 Box 1301, DPO AE 98815",2026-08-08 12:38:52.507
T00271,Jessica,Lee,teacher271@edupredict.com,03121908923,Female,52,DEP010,Economics,Assistant Professor,PhD Computer Science,14,117355.0,2023.0,Active,"0913 Garcia Squares Suite 152, South Kathleen, LA 51713",2026-08-08 12:38:52.508
T00272,Christopher,Young,teacher272@edupredict.com,03949411184,Male,33,DEP012,Management,Professor,PhD Artificial Intelligence,17,230029.0,2018.0,Inactive,"354 Heather Branch, Port Julieshire, NC 03638",2026-08-08 12:38:52.509
T00273,Deanna,Williams,teacher273@edupredict.com,03577820817,Male,38,DEP013,Electrical Engineering,Assistant Professor,MPhil Computer Science,9,253807.0,2022.0,Active,"33216 Dustin Cliff Apt. 462, Josephtown, KY 18159",2026-08-08 12:38:58.510
T00274,Brooke,Green,teacher274@edupredict.com,03123118639,Female,58,DEP019,Chemistry,Associate Professor,PhD Computer Science,18,96262.0,2014.0,Active,"0014 Susan Mews, Josephton, GA 41800",2026-08-08 12:38:58.511
T00275,Mike,Cook,teacher275@edupredict.com,03329155488,Male,46,DEP007,Business Administration,Lecturer,PhD Computer Science,32,307573.0,2017.0,Inactive,"4793 Pineda Spring, Lake Maria, IL 12926",2026-08-08 12:38:58.511
T00276,Patrick,Smith,teacher276@edupredict.com,03231168895,Female,55,DEP006,Cyber Security,Assistant Professor,MS Computer Science,19,115476.0,2015.0,Active,"489 White Forges Apt. 490, Jenniferview, GU 53786",2026-08-08 12:38:58.512
T00277,Juan,Anderson,teacher277@edupredict.com,03483235212,Female,38,DEP006,Cyber Security,Assistant Professor,PhD Computer Science,26,239483.0,2015.0,Active,"16967 Grimes Hills Apt. 876, Vanessaport, NY 87542",2026-08-08 12:38:58.514
T00278,Tyler,Blake,teacher278@edupredict.com,03563197065,Female,32,DEP013,Electrical Engineering,Associate Professor,PhD Computer Science,33,265492.0,2014.0,Active,"9449 Oneal Cliffs, Robbinsmouth, ME 67301",2026-08-08 12:38:58.514
T00279,Paul,Jones,teacher279@edupredict.com,03627341232,Female,35,DEP009,Finance,Associate Professor,MS Data Science,26,317508.0,2024.0,Active,"PSC 0410, Box 0438, APO AP 30477",2026-08-08 12:38:58.515
T00280,Peter,Russell,teacher280@edupredict.com,03855066517,Female,59,DEP020,Biology,Associate Professor,MS Computer Science,13,275152.0,2023.0,Inactive,"202 Campbell Unions Suite 040, Lake Jesseshire, CT 81978",2026-08-08 12:38:58.516
T00281,Melissa,Mills,teacher281@edupredict.com,03166096173,Male,37,DEP004,Artificial Intelligence,Lecturer,MS Computer Science,6,201795.0,2012.0,Active,"14337 Mcfarland Estate, East Anna, PR 55415",2026-08-08 12:38:58.516
T00282,Joseph,Brown,teacher282@edupredict.com,03393074470,Female,33,DEP006,Cyber Security,Lecturer,MPhil Computer Science,14,332712.0,2015.0,Inactive,"40473 Smith Tunnel, Lake Thomasmouth, MA 14795",2026-08-08 12:38:58.517
T00283,Kimberly,Willis,teacher283@edupredict.com,03831602648,Male,44,DEP005,Data Science,Professor,MS Data Science,19,304686.0,2020.0,Active,"76486 Clarke Run, East Dustin, AZ 91933",2026-08-08 12:38:58.518
T00284,Deanna,Murphy,teacher284@edupredict.com,03828136532,Female,54,DEP001,Computer Science,Associate Professor,MPhil Computer Science,5,261029.0,2016.0,Inactive,"61257 David Skyway Suite 294, Williamsbury, PA 46472",2026-08-08 12:38:58.518
T00285,Ashley,Compton,teacher285@edupredict.com,03346153464,Female,59,DEP004,Artificial Intelligence,Professor,MS Software Engineering,27,298913.0,2026.0,Active,"929 Rivera Freeway, Hendersonland, AL 20453",2026-08-08 12:38:58.519
T00286,Evelyn,Herrera,teacher286@edupredict.com,03298830952,Female,53,DEP008,Accounting,Lecturer,PhD Information Technology,8,151705.0,2011.0,Active,"271 Tony Corners, Allenborough, FL 64788",2026-08-08 12:38:58.520
T00287,Andrea,Lee,teacher287@edupredict.com,03822940163,Male,27,DEP005,Data Science,Assistant Professor,MS Computer Science,33,115841.0,2019.0,Active,"PSC 9803, Box 3413, APO AA 82589",2026-08-08 12:38:58.520
T00288,Jamie,Key,teacher288@edupredict.com,03660431645,Male,44,DEP017,Mathematics,Associate Professor,BS Computer Science,17,121439.0,2023.0,Active,"068 Horn Points, West Jasonborough, NE 93864",2026-08-08 12:38:58.521
T00289,Kathryn,Escobar,teacher289@edupredict.com,03853605552,Male,26,DEP012,Management,Associate Professor,MPhil Computer Science,32,275260.0,2013.0,Active,"7573 Kim Extension, New Christian, NJ 98128",2026-08-08 12:38:58.522
T00290,Breanna,Fuentes,teacher290@edupredict.com,03654637369,Female,44,DEP004,Artificial Intelligence,Professor,MPhil Computer Science,12,220202.0,2016.0,Active,"1074 Harris Mews, Hernandezshire, ME 86427",2026-08-08 12:38:58.522
T00291,Danielle,Martinez,teacher291@edupredict.com,03353735043,Female,32,DEP013,Electrical Engineering,Associate Professor,PhD Artificial Intelligence,7,167309.0,2017.0,Active,"294 Michael Spur Apt. 612, East Eric, MP 20359",2026-08-08 12:38:58.523
T00292,Jonathan,Edwards,teacher292@edupredict.com,03475387666,Female,28,DEP002,Software Engineering,Professor,PhD Computer Science,19,343499.0,2017.0,Active,"234 Renee Mission Apt. 862, Chaveztown, CA 90457",2026-08-08 12:38:58.524
T00293,James,Richardson,teacher293@edupredict.com,03741527993,Male,34,DEP010,Economics,Lecturer,MS Computer Science,23,321255.0,2013.0,Active,"93945 Martin Pines Apt. 386, West Tammy, NY 11470",2026-08-08 12:38:58.525
T00294,Robin,Scott,teacher294@edupredict.com,03426622033,Female,48,DEP005,Data Science,Lecturer,PhD Artificial Intelligence,13,176155.0,2010.0,Active,"57774 Johnson Drive Suite 825, Harrisshire, HI 52113",2026-08-08 12:38:58.525
T00295,Mary,Anderson,teacher295@edupredict.com,03751066242,Male,55,DEP002,Software Engineering,Lecturer,BS Computer Science,7,198756.0,2026.0,Active,"93606 Phillips Ways, Olsenfort, DC 81690",2026-08-08 12:38:58.526
T00296,Elaine,Tucker,teacher296@edupredict.com,03810127561,Female,45,DEP001,Computer Science,Professor,MS Data Science,13,208445.0,2011.0,Active,"298 Johnson Greens, Benjaminmouth, AR 53988",2026-08-08 12:38:58.527
T00297,Richard,Mcknight,teacher297@edupredict.com,03797889732,Female,36,DEP019,Chemistry,Professor,PhD Computer Science,16,347345.0,2018.0,Active,"8277 Ryan Brook, Weaverfort, TX 98882",2026-08-08 12:38:58.527
T00298,Jennifer,Mason,teacher298@edupredict.com,03538270434,Female,58,DEP007,Business Administration,Assistant Professor,MS Data Science,34,283580.0,2012.0,Active,"468 Lam Via, Hernandezside, WV 62490",2026-08-08 12:38:58.528
T00299,Tammy,Walton,teacher299@edupredict.com,03562291183,Female,35,DEP014,Mechanical Engineering,Associate Professor,PhD Computer Science,24,236425.0,2026.0,Active,"02654 Richardson Ramp Suite 352, North Reginaldtown, PR 39286",2026-08-08 12:38:58.529
T00300,Aaron,Bailey,teacher300@edupredict.com,03954579234,Male,27,DEP004,Artificial Intelligence,Professor,MS Data Science,10,245915.0,2021.0,Active,"13515 Davis Cove, Andrewmouth, NH 54989",2026-08-08 12:38:58.530
T0012,HABIB,HUSSAINI,habib033hussaini@gmail.com,03185415698,Male,25,,COMPUTER SCIENCE,PROFESSOR,MS COMPUTER SCIENCE,3,,,Active,"37390 Serrano Valley, Port Rhondastad, AR 89752",2026-08-08 13:53:02.517
T4747,Kiran,Shakeel,kiran@gmail.com,03122419335,Female,28,,Computer Science,Professor,BS Computer Science,1,,,Active,Office Aptech Metro Star,2026-08-09 14:09:23.965
T101,Asif,Ahmed Khan,asif@gmail.com,03703242401,Male,25,,Software Engineering,Associate Professor,MS Software Engineering,3,,,Active,Korangi Civil Area,2026-08-10 20:36:41.910
